Date;Close;ClosureDaily_exp;ClosureWeekly_exp;ClosureMonthly_exp;MM20Daily_exp;MM20Weekly_exp;MM20Monthly_exp
2017-01-03;203.788;TRUE;FALSE;FALSE;;;
2017-01-04;205.0004;TRUE;FALSE;FALSE;;;
2017-01-05;204.8376;TRUE;FALSE;FALSE;;;
2017-01-06;205.5704;TRUE;TRUE;FALSE;;;
2017-01-09;204.8918;TRUE;FALSE;FALSE;;;
2017-01-10;204.8918;TRUE;FALSE;FALSE;;;
2017-01-11;205.4709;TRUE;FALSE;FALSE;;;
2017-01-12;204.9552;TRUE;FALSE;FALSE;;;
2017-01-13;205.4257;TRUE;TRUE;FALSE;;;
2017-01-17;204.7019;TRUE;FALSE;FALSE;;;
2017-01-18;205.1542;TRUE;FALSE;FALSE;;;
2017-01-19;204.3942;TRUE;FALSE;FALSE;;;
2017-01-20;205.1452;TRUE;TRUE;FALSE;;;
2017-01-23;204.6114;TRUE;FALSE;FALSE;;;
2017-01-24;205.9233;TRUE;FALSE;FALSE;;;
2017-01-25;207.7056;TRUE;FALSE;FALSE;;;
2017-01-26;207.4885;TRUE;FALSE;FALSE;;;
2017-01-27;207.1628;TRUE;TRUE;FALSE;;;
2017-01-30;205.8781;TRUE;FALSE;FALSE;;;
2017-01-31;205.8599;TRUE;FALSE;TRUE;205.442845;;
2017-02-01;205.9414;TRUE;FALSE;FALSE;205.550515;;
2017-02-02;206.0771;TRUE;FALSE;FALSE;205.60435;;
2017-02-03;207.4976;TRUE;TRUE;FALSE;205.73735;;
2017-02-06;207.1266;TRUE;FALSE;FALSE;205.81516;;
2017-02-07;207.1357;TRUE;FALSE;FALSE;205.927355;;
2017-02-08;207.4071;TRUE;FALSE;FALSE;206.05312;;
2017-02-09;208.6376;TRUE;FALSE;FALSE;206.211455;;
2017-02-10;209.4609;TRUE;TRUE;FALSE;206.43674;;
2017-02-13;210.6009;TRUE;FALSE;FALSE;206.6955;;
2017-02-14;211.4423;TRUE;FALSE;FALSE;207.03252;;
2017-02-15;212.5461;TRUE;FALSE;FALSE;207.402115;;
2017-02-16;212.3651;TRUE;FALSE;FALSE;207.80066;;
2017-02-17;212.6999;TRUE;TRUE;FALSE;208.178395;;
2017-02-21;213.9666;TRUE;FALSE;FALSE;208.646155;;
2017-02-22;213.7766;TRUE;FALSE;FALSE;209.03882;;
2017-02-23;213.9214;TRUE;FALSE;FALSE;209.34961;;
2017-02-24;214.1928;TRUE;TRUE;FALSE;209.684825;;
2017-02-27;214.5276;TRUE;FALSE;FALSE;210.053065;;
2017-02-28;213.9485;TRUE;FALSE;TRUE;210.456585;;
2017-03-01;216.9432;TRUE;FALSE;FALSE;211.01075;;
2017-03-02;215.5771;TRUE;FALSE;FALSE;211.492535;;
2017-03-03;215.7128;TRUE;TRUE;FALSE;211.97432;;
2017-03-06;215.0704;TRUE;FALSE;FALSE;212.35296;;
2017-03-07;214.428;TRUE;FALSE;FALSE;212.71803;;
2017-03-08;214.0299;TRUE;FALSE;FALSE;213.06274;;
2017-03-09;214.3014;TRUE;FALSE;FALSE;213.407455;;
2017-03-10;215.0523;TRUE;TRUE;FALSE;213.72819;;
2017-03-13;215.1609;TRUE;FALSE;FALSE;214.01319;;
2017-03-14;214.3376;TRUE;FALSE;FALSE;214.200025;;
2017-03-15;216.1923;TRUE;FALSE;FALSE;214.437525;;
2017-03-16;215.767;TRUE;FALSE;FALSE;214.59857;;
2017-03-17;215.3881;TRUE;TRUE;FALSE;214.74972;;
2017-03-20;215.1519;TRUE;FALSE;FALSE;214.87232;;
2017-03-21;212.3894;TRUE;FALSE;FALSE;214.79346;;
2017-03-22;212.8892;TRUE;FALSE;FALSE;214.74909;;
2017-03-23;212.662;TRUE;FALSE;FALSE;214.68612;;
2017-03-24;212.5076;TRUE;TRUE;FALSE;214.60186;;
2017-03-27;212.2895;TRUE;FALSE;FALSE;214.489955;;
2017-03-28;213.8343;TRUE;FALSE;FALSE;214.484245;;
2017-03-29;214.0341;TRUE;FALSE;FALSE;214.33879;;
2017-03-30;214.7157;TRUE;FALSE;FALSE;214.29572;;
2017-03-31;214.2159;TRUE;TRUE;TRUE;214.220875;;
2017-04-03;213.8433;TRUE;FALSE;FALSE;214.15952;;
2017-04-04;213.9796;TRUE;FALSE;FALSE;214.1371;;
2017-04-05;213.3436;TRUE;FALSE;FALSE;214.102785;;
2017-04-06;213.9433;TRUE;FALSE;FALSE;214.08488;;
2017-04-07;213.7252;TRUE;TRUE;FALSE;214.018525;;
2017-04-10;213.8524;TRUE;FALSE;FALSE;213.9531;;
2017-04-11;213.598;TRUE;FALSE;FALSE;213.91612;;
2017-04-12;212.662;TRUE;FALSE;FALSE;213.739605;;
2017-04-13;211.2808;TRUE;TRUE;FALSE;213.515295;;
2017-04-17;213.1527;TRUE;FALSE;FALSE;213.403525;;
2017-04-18;212.5167;TRUE;FALSE;FALSE;213.271765;;
2017-04-19;212.1259;TRUE;FALSE;FALSE;213.25859;;
2017-04-20;213.8524;TRUE;FALSE;FALSE;213.30675;;
2017-04-21;213.1709;TRUE;TRUE;FALSE;213.332195;;
2017-04-24;215.5154;TRUE;FALSE;FALSE;213.482585;;
2017-04-25;216.7694;TRUE;FALSE;FALSE;213.70658;;
2017-04-26;216.6331;TRUE;FALSE;FALSE;213.84652;;
2017-04-27;216.8148;TRUE;FALSE;FALSE;213.985555;;
2017-04-28;216.3423;TRUE;TRUE;TRUE;214.066885;;
2017-05-01;216.8875;TRUE;FALSE;FALSE;214.200465;;
2017-05-02;216.9693;TRUE;FALSE;FALSE;214.356765;;
2017-05-03;216.7057;TRUE;FALSE;FALSE;214.49307;;
2017-05-04;216.9602;TRUE;FALSE;FALSE;214.6739;;
2017-05-05;217.8143;TRUE;TRUE;FALSE;214.86745;;
2017-05-08;217.778;TRUE;FALSE;FALSE;215.07009;;
2017-05-09;217.5781;TRUE;FALSE;FALSE;215.256375;;
2017-05-10;217.9688;TRUE;FALSE;FALSE;215.474915;;
2017-05-11;217.5236;TRUE;FALSE;FALSE;215.717995;;
2017-05-12;217.1601;TRUE;TRUE;FALSE;216.01196;;
2017-05-15;218.3596;TRUE;FALSE;FALSE;216.272305;;
2017-05-16;218.1597;TRUE;FALSE;FALSE;216.554455;;
2017-05-17;214.2886;TRUE;FALSE;FALSE;216.66259;;
2017-05-18;215.1519;TRUE;FALSE;FALSE;216.727565;;
2017-05-19;216.5512;TRUE;TRUE;FALSE;216.89658;212.30384;
2017-05-22;217.6508;TRUE;FALSE;FALSE;217.00335;212.30384;
2017-05-23;218.1324;TRUE;FALSE;FALSE;217.0715;212.30384;
2017-05-24;218.6413;TRUE;FALSE;FALSE;217.17191;212.30384;
2017-05-25;219.6862;TRUE;FALSE;FALSE;217.31548;212.30384;
2017-05-26;219.6408;TRUE;TRUE;FALSE;217.480405;213.00736;
2017-05-30;219.45;TRUE;FALSE;FALSE;217.60853;213.00736;
2017-05-31;219.3955;TRUE;FALSE;TRUE;217.72984;213.00736;
2017-06-01;221.1402;TRUE;FALSE;FALSE;217.951565;213.00736;
2017-06-02;221.8762;TRUE;TRUE;FALSE;218.197365;213.829885;
2017-06-05;221.7127;TRUE;FALSE;FALSE;218.392285;213.829885;
2017-06-06;221.0039;TRUE;FALSE;FALSE;218.55358;213.829885;
2017-06-07;221.4128;TRUE;FALSE;FALSE;218.745315;213.829885;
2017-06-08;221.5218;TRUE;FALSE;FALSE;218.922965;213.829885;
2017-06-09;221.1857;TRUE;TRUE;FALSE;219.10607;214.63191;
2017-06-12;221.1402;TRUE;FALSE;FALSE;219.305075;214.63191;
2017-06-13;222.2216;TRUE;FALSE;FALSE;219.498175;214.63191;
2017-06-14;221.9398;TRUE;FALSE;FALSE;219.68718;214.63191;
2017-06-15;221.5128;TRUE;FALSE;FALSE;220.04839;214.63191;
2017-06-16;221.5611;TRUE;TRUE;FALSE;220.36885;215.351825;
2017-06-19;223.4056;TRUE;FALSE;FALSE;220.71157;215.351825;
2017-06-20;221.899;TRUE;FALSE;FALSE;220.92398;215.351825;
2017-06-21;221.8442;TRUE;FALSE;FALSE;221.10957;215.351825;
2017-06-22;221.7438;TRUE;FALSE;FALSE;221.264695;215.351825;
2017-06-23;222.0086;TRUE;TRUE;FALSE;221.380815;216.077375;
2017-06-26;222.1547;TRUE;FALSE;FALSE;221.50651;216.077375;
2017-06-27;220.3649;TRUE;FALSE;FALSE;221.552255;216.077375;
2017-06-28;222.3373;TRUE;FALSE;FALSE;221.699345;216.077375;
2017-06-29;220.3832;TRUE;FALSE;FALSE;221.661495;216.077375;
2017-06-30;220.7941;TRUE;TRUE;TRUE;221.60739;216.644035;
2017-07-03;221.1685;TRUE;FALSE;FALSE;221.58018;216.644035;
2017-07-05;221.6798;TRUE;FALSE;FALSE;221.613975;216.644035;
2017-07-06;219.6527;TRUE;FALSE;FALSE;221.52597;216.644035;
2017-07-07;221.0772;TRUE;TRUE;FALSE;221.50374;217.0629;
2017-07-10;221.3146;TRUE;FALSE;FALSE;221.510185;217.0629;
2017-07-11;221.1502;TRUE;FALSE;FALSE;221.510685;217.0629;
2017-07-12;222.8121;TRUE;FALSE;FALSE;221.54021;217.0629;
2017-07-13;223.1865;TRUE;FALSE;FALSE;221.602545;217.0629;
2017-07-14;224.2275;TRUE;TRUE;FALSE;221.73828;217.564635;
2017-07-17;224.2001;TRUE;FALSE;FALSE;221.87023;217.564635;
2017-07-18;224.3188;TRUE;FALSE;FALSE;221.91589;217.564635;
2017-07-19;225.5333;TRUE;FALSE;FALSE;222.097605;217.564635;
2017-07-20;225.6337;TRUE;FALSE;FALSE;222.28708;217.564635;
2017-07-21;225.4328;TRUE;TRUE;FALSE;222.47153;218.050635;
2017-07-24;225.378;TRUE;FALSE;FALSE;222.64;218.050635;
2017-07-25;225.9259;TRUE;FALSE;FALSE;222.82856;218.050635;
2017-07-26;225.935;TRUE;FALSE;FALSE;223.107065;218.050635;
2017-07-27;225.725;TRUE;FALSE;FALSE;223.27645;218.050635;
2017-07-28;225.4602;TRUE;TRUE;FALSE;223.5303;218.57103;
2017-07-31;225.3324;TRUE;FALSE;TRUE;223.757215;218.57103;
2017-08-01;225.8346;TRUE;FALSE;FALSE;223.99052;218.57103;
2017-08-02;225.9441;TRUE;FALSE;FALSE;224.203735;218.57103;
2017-08-03;225.5059;TRUE;FALSE;FALSE;224.496395;218.57103;
2017-08-04;225.9167;TRUE;TRUE;FALSE;224.73837;219.09746;
2017-08-07;226.3368;TRUE;FALSE;FALSE;224.98948;219.09746;
2017-08-08;225.7798;TRUE;FALSE;FALSE;225.22096;219.09746;
2017-08-09;225.7706;TRUE;FALSE;FALSE;225.368885;219.09746;
2017-08-10;222.5838;TRUE;FALSE;FALSE;225.33875;219.09746;
2017-08-11;222.9126;TRUE;TRUE;FALSE;225.273005;219.61771;
2017-08-14;225.1223;TRUE;FALSE;FALSE;225.319115;219.61771;
2017-08-15;225.0949;TRUE;FALSE;FALSE;225.35792;219.61771;
2017-08-16;225.4876;TRUE;FALSE;FALSE;225.355635;219.61771;
2017-08-17;221.9721;TRUE;FALSE;FALSE;225.172555;219.61771;
2017-08-18;221.6251;TRUE;TRUE;FALSE;224.98217;219.98817;
2017-08-21;221.7986;TRUE;FALSE;FALSE;224.8032;219.98817;
2017-08-22;224.1179;TRUE;FALSE;FALSE;224.7128;219.98817;
2017-08-23;223.3143;TRUE;FALSE;FALSE;224.581765;219.98817;
2017-08-24;222.7939;TRUE;FALSE;FALSE;224.43521;219.98817;
2017-08-25;223.3143;TRUE;TRUE;FALSE;224.327915;220.467625;
2017-08-28;223.3235;TRUE;FALSE;FALSE;224.22747;220.467625;
2017-08-29;223.5791;TRUE;FALSE;FALSE;224.114695;220.467625;
2017-08-30;224.6384;TRUE;FALSE;FALSE;224.04941;220.467625;
2017-08-31;225.9898;TRUE;FALSE;TRUE;224.073605;220.467625;
2017-09-01;226.3094;TRUE;TRUE;FALSE;224.09324;221.219055;
2017-09-05;224.6841;TRUE;FALSE;FALSE;224.010605;221.219055;
2017-09-06;225.451;TRUE;FALSE;FALSE;223.994165;221.219055;
2017-09-07;225.4237;TRUE;FALSE;FALSE;223.97682;221.219055;
2017-09-08;225.1589;TRUE;TRUE;FALSE;224.105575;221.818455;
2017-09-11;227.5604;TRUE;FALSE;FALSE;224.337965;221.818455;
2017-09-12;228.3274;TRUE;FALSE;FALSE;224.49822;221.818455;
2017-09-13;228.437;TRUE;FALSE;FALSE;224.665325;221.818455;
2017-09-14;228.364;TRUE;FALSE;FALSE;224.809145;221.818455;
2017-09-15;228.6714;TRUE;TRUE;FALSE;225.14411;222.43491;
2017-09-18;229.1577;TRUE;FALSE;FALSE;225.52074;222.43491;
2017-09-19;229.3871;TRUE;FALSE;FALSE;225.900165;222.43491;
2017-09-20;229.4697;TRUE;FALSE;FALSE;226.167755;222.43491;
2017-09-21;228.8549;TRUE;FALSE;FALSE;226.444785;222.43491;
2017-09-22;228.9008;TRUE;TRUE;FALSE;226.75013;222.989235;
2017-09-25;228.4328;TRUE;FALSE;FALSE;227.006055;222.989235;
2017-09-26;228.5704;TRUE;FALSE;FALSE;227.2684;222.989235;
2017-09-27;229.4606;TRUE;FALSE;FALSE;227.562475;222.989235;
2017-09-28;229.7359;TRUE;FALSE;FALSE;227.81735;222.989235;
2017-09-29;230.5434;TRUE;TRUE;TRUE;228.04503;223.6584;
2017-10-02;231.5436;TRUE;FALSE;FALSE;228.30674;223.6584;
2017-10-03;232.0391;TRUE;FALSE;FALSE;228.67449;223.6584;
2017-10-04;232.3145;TRUE;FALSE;FALSE;229.017665;223.6584;
2017-10-05;233.691;TRUE;FALSE;FALSE;229.43103;223.6584;
2017-10-06;233.4248;TRUE;TRUE;FALSE;229.844325;224.50208;
2017-10-09;233.0394;TRUE;FALSE;FALSE;230.118275;224.50208;
2017-10-10;233.6543;TRUE;FALSE;FALSE;230.38462;224.50208;
2017-10-11;234.0213;TRUE;FALSE;FALSE;230.663835;224.50208;
2017-10-12;233.6726;TRUE;FALSE;FALSE;230.929265;224.50208;
2017-10-13;233.9571;TRUE;TRUE;FALSE;231.19355;225.217895;
2017-10-16;234.2691;TRUE;FALSE;FALSE;231.44912;225.217895;
2017-10-17;234.4342;TRUE;FALSE;FALSE;231.701475;225.217895;
2017-10-18;234.6636;TRUE;FALSE;FALSE;231.96117;225.217895;
2017-10-19;234.7279;TRUE;FALSE;FALSE;232.25482;225.217895;
2017-10-20;235.9392;TRUE;TRUE;FALSE;232.60674;225.921045;
2017-10-23;235.0215;TRUE;FALSE;FALSE;232.936175;225.921045;
2017-10-24;235.4345;TRUE;FALSE;FALSE;233.27938;225.921045;
2017-10-25;234.2691;TRUE;FALSE;FALSE;233.519805;225.921045;
2017-10-26;234.5719;TRUE;FALSE;FALSE;233.761605;225.921045;
2017-10-27;236.4898;TRUE;TRUE;FALSE;234.058925;226.68625;
2017-10-30;235.6089;TRUE;FALSE;FALSE;234.26219;226.68625;
2017-10-31;235.9759;TRUE;FALSE;TRUE;234.45903;226.68625;
2017-11-01;236.2879;TRUE;FALSE;FALSE;234.6577;226.68625;
2017-11-02;236.3797;TRUE;FALSE;FALSE;234.792135;226.68625;
2017-11-03;237.1689;TRUE;TRUE;FALSE;234.97934;227.46664;
2017-11-06;237.536;TRUE;FALSE;FALSE;235.20417;227.46664;
2017-11-07;237.3707;TRUE;FALSE;FALSE;235.38999;227.46664;
2017-11-08;237.7745;TRUE;FALSE;FALSE;235.57765;227.46664;
2017-11-09;236.9119;TRUE;FALSE;FALSE;235.739615;227.46664;
2017-11-10;236.8385;TRUE;TRUE;FALSE;235.883685;228.208135;
2017-11-13;237.0588;TRUE;FALSE;FALSE;236.02317;228.208135;
2017-11-14;236.5082;TRUE;FALSE;FALSE;236.12687;228.208135;
2017-11-15;235.3243;TRUE;FALSE;FALSE;236.159905;228.208135;
2017-11-16;237.3249;TRUE;FALSE;FALSE;236.289755;228.208135;
2017-11-17;236.6274;TRUE;TRUE;FALSE;236.324165;228.9998;
2017-11-20;237.0313;TRUE;FALSE;FALSE;236.424655;228.9998;
2017-11-21;238.5821;TRUE;FALSE;FALSE;236.582035;228.9998;
2017-11-22;238.371;TRUE;FALSE;FALSE;236.78713;228.9998;
2017-11-24;238.9216;TRUE;TRUE;FALSE;237.004615;229.89202;
2017-11-27;238.8023;TRUE;FALSE;FALSE;237.12024;229.89202;
2017-11-28;241.225;TRUE;FALSE;FALSE;237.401045;229.89202;
2017-11-29;241.0781;TRUE;FALSE;FALSE;237.656155;229.89202;
2017-11-30;243.1887;TRUE;FALSE;TRUE;238.001195;229.89202;
2017-12-01;242.684;TRUE;TRUE;FALSE;238.31641;230.814845;
2017-12-04;242.3904;TRUE;FALSE;FALSE;238.577485;230.814845;
2017-12-05;241.5186;TRUE;FALSE;FALSE;238.776615;230.814845;
2017-12-06;241.5645;TRUE;FALSE;FALSE;238.986305;230.814845;
2017-12-07;242.3262;TRUE;FALSE;FALSE;239.21389;230.814845;
2017-12-08;243.6476;TRUE;TRUE;FALSE;239.550675;231.725585;
2017-12-11;244.3817;TRUE;FALSE;FALSE;239.927835;231.725585;
2017-12-12;244.813;TRUE;FALSE;FALSE;240.315545;231.725585;
2017-12-13;244.7855;TRUE;FALSE;FALSE;240.72941;231.725585;
2017-12-14;243.7852;TRUE;FALSE;FALSE;241.152455;231.725585;
2017-12-15;245.8153;TRUE;TRUE;FALSE;241.576975;232.74334;
2017-12-18;247.3741;TRUE;FALSE;FALSE;242.11431;232.74334;
2017-12-19;246.424;TRUE;FALSE;FALSE;242.583945;232.74334;
2017-12-20;246.295;TRUE;FALSE;FALSE;242.96959;232.74334;
2017-12-21;246.8022;TRUE;FALSE;FALSE;243.39115;232.74334;
2017-12-22;246.7377;TRUE;TRUE;FALSE;243.781955;233.78439;
2017-12-26;246.4424;TRUE;FALSE;FALSE;244.16396;233.78439;
2017-12-27;246.5624;TRUE;FALSE;FALSE;244.43083;233.78439;
2017-12-28;247.0697;TRUE;FALSE;FALSE;244.73041;233.78439;
2017-12-29;246.1381;TRUE;TRUE;TRUE;244.87788;234.945665;
2018-01-02;247.8998;TRUE;FALSE;FALSE;245.13867;234.945665;
2018-01-03;249.4678;TRUE;FALSE;FALSE;245.49254;234.945665;
2018-01-04;250.5192;TRUE;FALSE;FALSE;245.94257;234.945665;
2018-01-05;252.1888;TRUE;TRUE;FALSE;246.473785;236.47385;
2018-01-08;252.6498;TRUE;FALSE;FALSE;246.989965;236.47385;
2018-01-09;253.2218;TRUE;FALSE;FALSE;247.468675;236.47385;
2018-01-10;252.8344;TRUE;FALSE;FALSE;247.89131;236.47385;
2018-01-11;254.6791;TRUE;FALSE;FALSE;248.384615;236.47385;
2018-01-12;256.3393;TRUE;TRUE;FALSE;248.962305;238.1251;
2018-01-16;255.4631;TRUE;FALSE;FALSE;249.5462;238.1251;
2018-01-17;257.8981;TRUE;FALSE;FALSE;250.15034;238.1251;
2018-01-18;257.4646;TRUE;FALSE;FALSE;250.654865;238.1251;
2018-01-19;258.636;TRUE;TRUE;FALSE;251.265465;239.74143;
2018-01-22;260.7388;TRUE;FALSE;FALSE;251.987655;239.74143;
2018-01-23;261.2924;TRUE;FALSE;FALSE;252.712165;239.74143;
2018-01-24;261.1908;TRUE;FALSE;FALSE;253.43482;239.74143;
2018-01-25;261.3014;TRUE;FALSE;FALSE;254.17777;239.74143;
2018-01-26;264.3268;TRUE;TRUE;FALSE;255.06599;241.699825;
2018-01-29;262.5743;TRUE;FALSE;FALSE;255.84122;241.699825;
2018-01-30;259.8811;TRUE;FALSE;FALSE;256.52837;241.699825;
2018-01-31;260.0103;TRUE;FALSE;TRUE;257.133895;241.699825;
2018-02-01;259.7151;TRUE;FALSE;FALSE;257.64626;241.699825;
2018-02-02;254.0611;TRUE;TRUE;FALSE;257.823355;242.96931;
2018-02-05;243.4356;TRUE;FALSE;FALSE;257.385695;242.96931;
2018-02-06;248.2319;TRUE;FALSE;FALSE;257.1648;242.96931;
2018-02-07;246.8853;TRUE;FALSE;FALSE;256.847975;242.96931;
2018-02-08;237.6248;TRUE;FALSE;FALSE;256.087495;242.96931;
2018-02-09;241.1943;TRUE;TRUE;FALSE;255.413255;243.583985;
2018-02-12;244.7361;TRUE;FALSE;FALSE;254.833095;243.583985;
2018-02-13;245.3449;TRUE;FALSE;FALSE;254.327185;243.583985;
2018-02-14;248.6561;TRUE;FALSE;FALSE;253.865085;243.583985;
2018-02-15;251.829;TRUE;FALSE;FALSE;253.583305;243.583985;
2018-02-16;251.9028;TRUE;TRUE;FALSE;253.246645;244.651955;
2018-02-20;250.3255;TRUE;FALSE;FALSE;252.72598;244.651955;
2018-02-21;249.0804;TRUE;FALSE;FALSE;252.11538;244.651955;
2018-02-22;249.4032;TRUE;FALSE;FALSE;251.526;244.651955;
2018-02-23;253.3785;TRUE;TRUE;FALSE;251.129855;245.64964;
2018-02-26;256.3208;TRUE;FALSE;FALSE;250.729555;245.64964;
2018-02-27;253.1203;TRUE;FALSE;FALSE;250.256855;245.64964;
2018-02-28;250.5561;TRUE;FALSE;TRUE;249.790605;245.64964;
2018-03-01;246.9129;TRUE;FALSE;FALSE;249.135735;245.64964;
2018-03-02;248.1857;TRUE;TRUE;FALSE;248.559265;246.36107;
2018-03-05;251.0543;TRUE;FALSE;FALSE;248.408925;246.36107;
2018-03-06;251.6906;TRUE;FALSE;FALSE;248.821675;246.36107;
2018-03-07;251.5984;TRUE;FALSE;FALSE;248.99;246.36107;
2018-03-08;252.8159;TRUE;FALSE;FALSE;249.28653;246.36107;
2018-03-09;257.2156;TRUE;TRUE;FALSE;250.26607;247.42489;
2018-03-12;256.8927;TRUE;FALSE;FALSE;251.05099;247.42489;
2018-03-13;255.2325;TRUE;FALSE;FALSE;251.57581;247.42489;
2018-03-14;253.9227;TRUE;FALSE;FALSE;252.0047;247.42489;
2018-03-15;253.6461;TRUE;FALSE;FALSE;252.2542;247.42489;
2018-03-16;253.9211;TRUE;TRUE;FALSE;252.358805;248.296455;
2018-03-19;250.4855;TRUE;FALSE;FALSE;252.28794;248.296455;
2018-03-20;250.9114;TRUE;FALSE;FALSE;252.317235;248.296455;
2018-03-21;250.4299;TRUE;FALSE;FALSE;252.38471;248.296455;
2018-03-22;244.1699;TRUE;FALSE;FALSE;252.123045;248.296455;
2018-03-23;238.9654;TRUE;TRUE;FALSE;251.40239;248.38628;
2018-03-26;245.5033;TRUE;FALSE;FALSE;250.861515;248.38628;
2018-03-27;241.3269;TRUE;FALSE;FALSE;250.271845;248.38628;
2018-03-28;240.6138;TRUE;FALSE;FALSE;249.77473;248.38628;
2018-03-29;243.6883;TRUE;TRUE;TRUE;249.6135;248.72877;
2018-04-02;238.4284;TRUE;FALSE;FALSE;249.125635;248.72877;
2018-04-03;241.4843;TRUE;FALSE;FALSE;248.647135;248.72877;
2018-04-04;244.068;TRUE;FALSE;FALSE;248.266005;248.72877;
2018-04-05;245.9942;TRUE;FALSE;FALSE;247.985795;248.72877;
2018-04-06;240.512;TRUE;TRUE;FALSE;247.3706;248.923;
2018-04-09;241.6973;TRUE;FALSE;FALSE;246.594685;248.923;
2018-04-10;245.5404;TRUE;FALSE;FALSE;246.02707;248.923;
2018-04-11;244.2532;TRUE;FALSE;FALSE;245.478105;248.923;
2018-04-12;246.2626;TRUE;FALSE;FALSE;245.0951;248.923;
2018-04-13;245.5404;TRUE;TRUE;FALSE;244.689815;249.25394;
2018-04-16;247.5592;TRUE;FALSE;FALSE;244.37172;249.25394;
2018-04-17;250.2077;TRUE;FALSE;FALSE;244.35783;249.25394;
2018-04-18;250.3929;TRUE;FALSE;FALSE;244.331905;249.25394;
2018-04-19;249.0038;TRUE;FALSE;FALSE;244.2606;249.25394;
2018-04-20;246.8924;TRUE;TRUE;FALSE;244.396725;249.46436;
2018-04-23;246.8554;TRUE;FALSE;FALSE;244.791225;249.46436;
2018-04-24;243.5309;TRUE;FALSE;FALSE;244.692605;249.46436;
2018-04-25;244.1328;TRUE;FALSE;FALSE;244.8329;249.46436;
2018-04-26;246.6146;TRUE;FALSE;FALSE;245.13294;249.46436;
2018-04-27;246.8461;TRUE;TRUE;FALSE;245.29083;249.624285;
2018-04-30;244.9477;TRUE;FALSE;TRUE;245.616795;249.624285;
2018-05-01;245.383;TRUE;FALSE;FALSE;245.81173;249.624285;
2018-05-02;243.7346;TRUE;FALSE;FALSE;245.79506;249.624285;
2018-05-03;243.1975;TRUE;FALSE;FALSE;245.655225;249.624285;
2018-05-04;246.346;TRUE;TRUE;FALSE;245.946925;249.65082;
2018-05-07;247.1795;TRUE;FALSE;FALSE;246.221035;249.65082;
2018-05-08;247.1795;TRUE;FALSE;FALSE;246.30299;249.65082;
2018-05-09;249.5687;TRUE;FALSE;FALSE;246.568765;249.65082;
2018-05-10;251.9023;TRUE;FALSE;FALSE;246.85075;249.65082;
2018-05-11;252.6709;TRUE;TRUE;FALSE;247.207275;249.94748;
2018-05-14;252.7913;TRUE;FALSE;FALSE;247.46888;249.94748;
2018-05-15;251.0504;TRUE;FALSE;FALSE;247.511015;249.94748;
2018-05-16;252.106;TRUE;FALSE;FALSE;247.59667;249.94748;
2018-05-17;251.8931;TRUE;FALSE;FALSE;247.741135;249.94748;
2018-05-18;251.2633;TRUE;TRUE;FALSE;247.95968;250.20374;
2018-05-21;253.1524;TRUE;FALSE;FALSE;248.27453;250.20374;
2018-05-22;252.4487;TRUE;FALSE;FALSE;248.72042;250.20374;
2018-05-23;253.1432;TRUE;FALSE;FALSE;249.17094;250.20374;
2018-05-24;252.6246;TRUE;FALSE;FALSE;249.47144;250.20374;
2018-05-25;252.0227;TRUE;TRUE;FALSE;249.73027;250.195435;
2018-05-29;249.1242;TRUE;FALSE;FALSE;249.939095;250.195435;
2018-05-30;252.4487;TRUE;FALSE;FALSE;250.29238;250.195435;
2018-05-31;250.9022;TRUE;FALSE;TRUE;250.65076;250.195435;
2018-06-01;253.3654;TRUE;TRUE;FALSE;251.159155;250.04674;
2018-06-04;254.5693;TRUE;FALSE;FALSE;251.57032;250.04674;
2018-06-05;254.7545;TRUE;FALSE;FALSE;251.94907;250.04674;
2018-06-06;256.8844;TRUE;FALSE;FALSE;252.434315;250.04674;
2018-06-07;256.8566;TRUE;FALSE;FALSE;252.79871;250.04674;
2018-06-08;257.6159;TRUE;TRUE;FALSE;253.08439;249.995735;
2018-06-11;257.9586;TRUE;FALSE;FALSE;253.348775;249.995735;
2018-06-12;258.292;TRUE;FALSE;FALSE;253.62381;249.995735;
2018-06-13;257.4678;TRUE;FALSE;FALSE;253.94468;249.995735;
2018-06-14;258.1161;TRUE;FALSE;FALSE;254.245185;249.995735;
2018-06-15;257.7868;TRUE;TRUE;FALSE;254.53987;249.668735;
2018-06-18;257.2566;TRUE;FALSE;FALSE;254.839535;249.668735;
2018-06-19;256.2705;TRUE;FALSE;FALSE;254.99544;249.668735;
2018-06-20;256.7078;TRUE;FALSE;FALSE;255.208395;249.668735;
2018-06-21;255.0985;TRUE;FALSE;FALSE;255.30616;249.668735;
2018-06-22;255.5636;TRUE;TRUE;FALSE;255.45311;249.74386;
2018-06-25;252.0846;TRUE;FALSE;FALSE;255.456205;249.74386;
2018-06-26;252.6428;TRUE;FALSE;FALSE;255.632135;249.74386;
2018-06-27;250.5498;TRUE;FALSE;FALSE;255.53719;249.74386;
2018-06-28;251.9823;TRUE;FALSE;FALSE;255.591195;249.74386;
2018-06-29;252.3451;TRUE;TRUE;TRUE;255.54018;250.3014;
2018-07-02;252.8846;TRUE;FALSE;FALSE;255.455945;250.3014;
2018-07-03;251.9916;TRUE;FALSE;FALSE;255.3178;250.3014;
2018-07-05;254.0473;TRUE;FALSE;FALSE;255.175945;250.3014;
2018-07-06;256.1961;TRUE;TRUE;FALSE;255.14292;250.516065;
2018-07-09;258.503;TRUE;FALSE;FALSE;255.187275;250.516065;
2018-07-10;259.4332;TRUE;FALSE;FALSE;255.261005;250.516065;
2018-07-11;257.5356;TRUE;FALSE;FALSE;255.223185;250.516065;
2018-07-12;259.8704;TRUE;FALSE;FALSE;255.343315;250.516065;
2018-07-13;260.075;TRUE;TRUE;FALSE;255.44126;250.85089;
2018-07-16;259.8425;TRUE;FALSE;FALSE;255.544045;250.85089;
2018-07-17;260.8936;TRUE;FALSE;FALSE;255.725895;250.85089;
2018-07-18;261.4424;TRUE;FALSE;FALSE;255.98449;250.85089;
2018-07-19;260.4564;TRUE;FALSE;FALSE;256.17192;250.85089;
2018-07-20;260.1587;TRUE;TRUE;FALSE;256.42493;251.44954;
2018-07-23;260.6425;TRUE;FALSE;FALSE;256.678875;251.44954;
2018-07-24;261.954;TRUE;FALSE;FALSE;257.172345;251.44954;
2018-07-25;264.1866;TRUE;FALSE;FALSE;257.749535;251.44954;
2018-07-26;263.5632;TRUE;FALSE;FALSE;258.400205;251.44954;
2018-07-27;261.7773;TRUE;TRUE;FALSE;258.889955;251.677625;
2018-07-30;260.41;TRUE;FALSE;FALSE;259.2932;251.677625;
2018-07-31;261.6936;TRUE;FALSE;TRUE;259.73365;251.677625;
2018-08-01;261.2564;TRUE;FALSE;FALSE;260.19689;251.677625;
2018-08-02;262.6797;TRUE;FALSE;FALSE;260.62851;251.677625;
2018-08-03;263.8052;TRUE;TRUE;FALSE;261.008965;252.17183;
2018-08-06;264.7726;TRUE;FALSE;FALSE;261.322445;252.17183;
2018-08-07;265.647;TRUE;FALSE;FALSE;261.633135;252.17183;
2018-08-08;265.5352;TRUE;FALSE;FALSE;262.033115;252.17183;
2018-08-09;265.1725;TRUE;FALSE;FALSE;262.29822;252.17183;
2018-08-10;263.3959;TRUE;TRUE;FALSE;262.464265;253.393355;
2018-08-13;262.4099;TRUE;FALSE;FALSE;262.592635;253.393355;
2018-08-14;264.0842;TRUE;FALSE;FALSE;262.752165;253.393355;
2018-08-15;262.1122;TRUE;FALSE;FALSE;262.785655;253.393355;
2018-08-16;264.233;TRUE;FALSE;FALSE;262.974485;253.393355;
2018-08-17;265.1633;TRUE;TRUE;FALSE;263.224715;254.467105;
2018-08-20;265.7307;TRUE;FALSE;FALSE;263.479125;254.467105;
2018-08-21;266.3539;TRUE;FALSE;FALSE;263.69912;254.467105;
2018-08-22;266.1958;TRUE;FALSE;FALSE;263.79958;254.467105;
2018-08-23;265.8423;TRUE;FALSE;FALSE;263.913535;254.467105;
2018-08-24;267.4423;TRUE;TRUE;FALSE;264.196785;255.81362;
2018-08-27;269.5539;TRUE;FALSE;FALSE;264.65398;255.81362;
2018-08-28;269.684;TRUE;FALSE;FALSE;265.0535;255.81362;
2018-08-29;271.1352;TRUE;FALSE;FALSE;265.54744;255.81362;
2018-08-30;270.0375;TRUE;FALSE;FALSE;265.91533;255.81362;
2018-08-31;270.0468;TRUE;TRUE;TRUE;266.22741;257.03894;236.59573
2018-09-04;269.5818;TRUE;FALSE;FALSE;266.46787;257.03894;236.59573
2018-09-05;268.8562;TRUE;FALSE;FALSE;266.62833;257.03894;236.59573
2018-09-06;268.0469;TRUE;FALSE;FALSE;266.753915;257.03894;236.59573
2018-09-07;267.526;TRUE;TRUE;FALSE;266.87159;258.07062;236.59573
2018-09-10;267.9911;TRUE;FALSE;FALSE;267.10135;258.07062;236.59573
2018-09-11;268.8748;TRUE;FALSE;FALSE;267.424595;258.07062;236.59573
2018-09-12;268.9398;TRUE;FALSE;FALSE;267.667375;258.07062;236.59573
2018-09-13;270.5305;TRUE;FALSE;FALSE;268.08829;258.07062;236.59573
2018-09-14;270.577;TRUE;TRUE;FALSE;268.40549;259.257165;236.59573
2018-09-17;269.1445;TRUE;FALSE;FALSE;268.60455;259.257165;236.59573
2018-09-18;270.6049;TRUE;FALSE;FALSE;268.84826;259.257165;236.59573
2018-09-19;270.8933;TRUE;FALSE;FALSE;269.07523;259.257165;236.59573
2018-09-20;273.0886;TRUE;FALSE;FALSE;269.41987;259.257165;236.59573
2018-09-21;272.8391;TRUE;TRUE;FALSE;269.76971;260.58182;236.59573
2018-09-24;271.9327;TRUE;FALSE;FALSE;269.99423;260.58182;236.59573
2018-09-25;271.6804;TRUE;FALSE;FALSE;270.100555;260.58182;236.59573
2018-09-26;270.8674;TRUE;FALSE;FALSE;270.159725;260.58182;236.59573
2018-09-27;271.6244;TRUE;FALSE;FALSE;270.184185;260.58182;236.59573
2018-09-28;271.6524;TRUE;TRUE;TRUE;270.26493;261.530895;239.885355
2018-10-01;272.5961;TRUE;FALSE;FALSE;270.392395;261.530895;239.885355
2018-10-02;272.4373;TRUE;FALSE;FALSE;270.53517;261.530895;239.885355
2018-10-03;272.5868;TRUE;FALSE;FALSE;270.7217;261.530895;239.885355
2018-10-04;270.4563;TRUE;FALSE;FALSE;270.84217;261.530895;239.885355
2018-10-05;268.9426;TRUE;TRUE;FALSE;270.913;262.41486;239.885355
2018-10-08;268.9426;TRUE;FALSE;FALSE;270.960575;262.41486;239.885355
2018-10-09;268.5502;TRUE;FALSE;FALSE;270.944345;262.41486;239.885355
2018-10-10;260.047;TRUE;FALSE;FALSE;270.499705;262.41486;239.885355
2018-10-11;254.319;TRUE;FALSE;FALSE;269.68913;262.41486;239.885355
2018-10-12;257.8511;TRUE;TRUE;FALSE;269.052835;262.70628;239.885355
2018-10-15;256.4027;TRUE;FALSE;FALSE;268.415745;262.70628;239.885355
2018-10-16;262.0092;TRUE;FALSE;FALSE;267.98596;262.70628;239.885355
2018-10-17;262.056;TRUE;FALSE;FALSE;267.544095;262.70628;239.885355
2018-10-18;258.2716;TRUE;FALSE;FALSE;266.803245;262.70628;239.885355
2018-10-19;258.1314;TRUE;TRUE;FALSE;266.06786;262.94458;239.885355
2018-10-22;256.9728;TRUE;FALSE;FALSE;265.319865;262.94458;239.885355
2018-10-23;255.6645;TRUE;FALSE;FALSE;264.51907;262.94458;239.885355
2018-10-24;247.9183;TRUE;FALSE;FALSE;263.371615;262.94458;239.885355
2018-10-25;252.3661;TRUE;FALSE;FALSE;262.4087;262.94458;239.885355
2018-10-26;247.9276;TRUE;TRUE;FALSE;261.22246;262.460165;239.885355
2018-10-29;246.554;TRUE;FALSE;FALSE;259.920355;262.460165;239.885355
2018-10-30;250.2076;TRUE;FALSE;FALSE;258.80887;262.460165;239.885355
2018-10-31;252.8801;TRUE;FALSE;TRUE;257.823535;262.460165;241.831935
2018-11-01;255.5712;TRUE;FALSE;FALSE;257.07928;262.460165;241.831935
2018-11-02;254.0574;TRUE;TRUE;FALSE;256.33502;262.273695;241.831935
2018-11-05;255.459;TRUE;FALSE;FALSE;255.66084;262.273695;241.831935
2018-11-06;257.0756;TRUE;FALSE;FALSE;255.08711;262.273695;241.831935
2018-11-07;262.5793;TRUE;FALSE;FALSE;255.213725;262.273695;241.831935
2018-11-08;262.1027;TRUE;FALSE;FALSE;255.60291;262.273695;241.831935
2018-11-09;259.5424;TRUE;TRUE;FALSE;255.687475;262.472635;241.831935
2018-11-12;254.6928;TRUE;FALSE;FALSE;255.60198;262.472635;241.831935
2018-11-13;254.2163;TRUE;FALSE;FALSE;255.212335;262.472635;241.831935
2018-11-14;252.4783;TRUE;FALSE;FALSE;254.73345;262.472635;241.831935
2018-11-15;255.1133;TRUE;FALSE;FALSE;254.575535;262.472635;241.831935
2018-11-16;255.7767;TRUE;TRUE;FALSE;254.4578;262.644215;241.831935
2018-11-19;251.4504;TRUE;FALSE;FALSE;254.18168;262.644215;241.831935
2018-11-20;246.797;TRUE;FALSE;FALSE;253.738305;262.644215;241.831935
2018-11-21;247.638;TRUE;FALSE;FALSE;253.72429;262.644215;241.831935
2018-11-23;245.9841;TRUE;TRUE;FALSE;253.40519;262.133615;241.831935
2018-11-26;249.9553;TRUE;FALSE;FALSE;253.506575;262.133615;241.831935
2018-11-27;250.7963;TRUE;FALSE;FALSE;253.71869;262.133615;241.831935
2018-11-28;256.5709;TRUE;FALSE;FALSE;254.036855;262.133615;241.831935
2018-11-29;256.0103;TRUE;FALSE;FALSE;254.193365;262.133615;241.831935
2018-11-30;257.5707;TRUE;TRUE;TRUE;254.29334;262.0084;243.999675
2018-12-03;260.9814;TRUE;FALSE;FALSE;254.63954;262.0084;243.999675
2018-12-04;252.525;TRUE;FALSE;FALSE;254.49284;262.0084;243.999675
2018-12-06;252.1419;TRUE;FALSE;FALSE;254.246155;262.0084;243.999675
2018-12-07;246.283;TRUE;TRUE;FALSE;253.43134;261.314615;243.999675
2018-12-10;246.7502;TRUE;FALSE;FALSE;252.663715;261.314615;243.999675
2018-12-11;246.8063;TRUE;FALSE;FALSE;252.02691;261.314615;243.999675
2018-12-12;248.0491;TRUE;FALSE;FALSE;251.694725;261.314615;243.999675
2018-12-13;247.965;TRUE;FALSE;FALSE;251.38216;261.314615;243.999675
2018-12-14;243.3864;TRUE;TRUE;FALSE;250.927565;260.39507;243.999675
2018-12-17;238.6116;TRUE;FALSE;FALSE;250.10248;260.39507;243.999675
2018-12-18;238.3499;TRUE;FALSE;FALSE;249.23114;260.39507;243.999675
2018-12-19;234.7805;TRUE;FALSE;FALSE;248.397645;260.39507;243.999675
2018-12-20;230.9587;TRUE;FALSE;FALSE;247.60573;260.39507;243.999675
2018-12-21;226.2265;TRUE;TRUE;FALSE;246.535155;258.516135;243.999675
2018-12-24;220.2489;TRUE;FALSE;FALSE;245.248395;258.516135;243.999675
2018-12-26;231.377;TRUE;FALSE;FALSE;244.31948;258.516135;243.999675
2018-12-27;233.1533;TRUE;FALSE;FALSE;243.43733;258.516135;243.999675
2018-12-28;232.8525;TRUE;TRUE;FALSE;242.25141;256.988965;243.999675
2018-12-31;234.8921;TRUE;FALSE;TRUE;241.1955;256.988965;244.927165
2019-01-02;235.1364;TRUE;FALSE;FALSE;240.073785;256.988965;244.927165
2019-01-03;229.5254;TRUE;FALSE;FALSE;238.500985;256.988965;244.927165
2019-01-04;237.2135;TRUE;TRUE;FALSE;237.73541;255.591475;244.927165
2019-01-07;239.0839;TRUE;FALSE;FALSE;237.08251;255.591475;244.927165
2019-01-08;241.3302;TRUE;FALSE;FALSE;236.83487;255.591475;244.927165
2019-01-09;242.458;TRUE;FALSE;FALSE;236.62026;255.591475;244.927165
2019-01-10;243.3133;TRUE;FALSE;FALSE;236.44561;255.591475;244.927165
2019-01-11;243.4073;TRUE;TRUE;FALSE;236.21352;254.389725;244.927165
2019-01-14;241.9223;TRUE;FALSE;FALSE;235.911385;254.389725;244.927165
2019-01-15;244.6949;TRUE;FALSE;FALSE;235.97681;254.389725;244.927165
2019-01-16;245.287;TRUE;FALSE;FALSE;236.31058;254.389725;244.927165
2019-01-17;247.1479;TRUE;FALSE;FALSE;236.75048;254.389725;244.927165
2019-01-18;250.4375;TRUE;TRUE;FALSE;237.53333;253.40926;244.927165
2019-01-22;247.0539;TRUE;FALSE;FALSE;238.33809;253.40926;244.927165
2019-01-23;247.5709;TRUE;FALSE;FALSE;239.40531;253.40926;244.927165
2019-01-24;247.7025;TRUE;FALSE;FALSE;240.77799;253.40926;244.927165
2019-01-25;249.7984;TRUE;TRUE;FALSE;241.69906;252.52288;244.927165
2019-01-28;247.8999;TRUE;FALSE;FALSE;242.43639;252.52288;244.927165
2019-01-29;247.5709;TRUE;FALSE;FALSE;243.17231;252.52288;244.927165
2019-01-30;251.4902;TRUE;FALSE;FALSE;244.002215;252.52288;244.927165
2019-01-31;253.6989;TRUE;FALSE;TRUE;244.93034;252.52288;246.642335
2019-02-01;253.8211;TRUE;TRUE;FALSE;246.145125;251.685085;246.642335
2019-02-04;255.6068;TRUE;FALSE;FALSE;247.06479;251.685085;246.642335
2019-02-05;256.6782;TRUE;FALSE;FALSE;247.944505;251.685085;246.642335
2019-02-06;256.3398;TRUE;FALSE;FALSE;248.694985;251.685085;246.642335
2019-02-07;253.8963;TRUE;FALSE;FALSE;249.2669;251.685085;246.642335
2019-02-08;254.2063;TRUE;TRUE;FALSE;249.81155;250.753445;246.642335
2019-02-11;254.3474;TRUE;FALSE;FALSE;250.358555;250.753445;246.642335
2019-02-12;257.6181;TRUE;FALSE;FALSE;251.143345;250.753445;246.642335
2019-02-13;258.4546;TRUE;FALSE;FALSE;251.83133;250.753445;246.642335
2019-02-14;257.8813;TRUE;FALSE;FALSE;252.461045;250.753445;246.642335
2019-02-15;260.6914;TRUE;TRUE;FALSE;253.13822;250.205395;246.642335
2019-02-19;261.1426;TRUE;FALSE;FALSE;253.673475;250.205395;246.642335
2019-02-20;261.669;TRUE;FALSE;FALSE;254.40423;250.205395;246.642335
2019-02-21;260.7385;TRUE;FALSE;FALSE;255.06261;250.205395;246.642335
2019-02-22;262.355;TRUE;TRUE;FALSE;255.795235;249.876015;246.642335
2019-02-25;262.7121;TRUE;FALSE;FALSE;256.44092;249.876015;246.642335
2019-02-26;262.5242;TRUE;FALSE;FALSE;257.172135;249.876015;246.642335
2019-02-27;262.4114;TRUE;FALSE;FALSE;257.91416;249.876015;246.642335
2019-02-28;261.9227;TRUE;FALSE;TRUE;258.435785;249.876015;248.698765
2019-03-01;263.5581;TRUE;TRUE;FALSE;258.928745;250.161365;248.698765
2019-03-04;262.5994;TRUE;FALSE;FALSE;259.36766;250.161365;248.698765
2019-03-05;262.2423;TRUE;FALSE;FALSE;259.699435;250.161365;248.698765
2019-03-06;260.6539;TRUE;FALSE;FALSE;259.89822;250.161365;248.698765
2019-03-07;258.4734;TRUE;FALSE;FALSE;260.0049;250.161365;248.698765
2019-03-08;257.9564;TRUE;TRUE;FALSE;260.207905;250.152615;248.698765
2019-03-11;261.6971;TRUE;FALSE;FALSE;260.582445;250.152615;248.698765
2019-03-12;262.6839;TRUE;FALSE;FALSE;260.99927;250.152615;248.698765
2019-03-13;264.4228;TRUE;FALSE;FALSE;261.339505;250.152615;248.698765
2019-03-14;264.2536;TRUE;FALSE;FALSE;261.629455;250.152615;248.698765
2019-03-15;265.5591;TRUE;TRUE;FALSE;262.013345;251.03419;248.698765
2019-03-18;266.522;TRUE;FALSE;FALSE;262.304875;251.03419;248.698765
2019-03-19;266.5881;TRUE;FALSE;FALSE;262.57715;251.03419;248.698765
2019-03-20;265.7857;TRUE;FALSE;FALSE;262.782985;251.03419;248.698765
2019-03-21;268.7877;TRUE;FALSE;FALSE;263.185445;251.03419;248.698765
2019-03-22;263.6145;TRUE;TRUE;FALSE;263.24842;251.512045;248.698765
2019-03-25;263.4163;TRUE;FALSE;FALSE;263.28363;251.512045;248.698765
2019-03-26;265.3798;TRUE;FALSE;FALSE;263.42641;251.512045;248.698765
2019-03-27;263.9921;TRUE;FALSE;FALSE;263.505445;251.512045;248.698765
2019-03-28;264.9927;TRUE;FALSE;FALSE;263.658945;251.512045;248.698765
2019-03-29;266.6636;TRUE;TRUE;TRUE;263.81422;251.868105;250.765325
2019-04-01;269.826;TRUE;FALSE;FALSE;264.17555;251.868105;250.765325
2019-04-02;269.9583;TRUE;FALSE;FALSE;264.56135;251.868105;250.765325
2019-04-03;270.3831;TRUE;FALSE;FALSE;265.04781;251.868105;250.765325
2019-04-04;271.1005;TRUE;FALSE;FALSE;265.679165;251.868105;250.765325
2019-04-05;272.4127;TRUE;TRUE;FALSE;266.40198;252.699905;250.765325
2019-04-08;272.6203;TRUE;FALSE;FALSE;266.94814;252.699905;250.765325
2019-04-09;271.2232;TRUE;FALSE;FALSE;267.375105;252.699905;250.765325
2019-04-10;272.1483;TRUE;FALSE;FALSE;267.76138;252.699905;250.765325
2019-04-11;272.0728;TRUE;FALSE;FALSE;268.15234;252.699905;250.765325
2019-04-12;273.9137;TRUE;TRUE;FALSE;268.57007;254.096385;250.765325
2019-04-15;273.7343;TRUE;FALSE;FALSE;268.930685;254.096385;250.765325
2019-04-16;273.9137;TRUE;FALSE;FALSE;269.296965;254.096385;250.765325
2019-04-17;273.2434;TRUE;FALSE;FALSE;269.66985;254.096385;250.765325
2019-04-18;273.7814;TRUE;TRUE;FALSE;269.919535;254.90692;250.765325
2019-04-22;274.0175;TRUE;FALSE;FALSE;270.439685;254.90692;250.765325
2019-04-23;276.4813;TRUE;FALSE;FALSE;271.092935;254.90692;250.765325
2019-04-24;275.8677;TRUE;FALSE;FALSE;271.61733;254.90692;250.765325
2019-04-25;275.6978;TRUE;FALSE;FALSE;272.202615;254.90692;250.765325
2019-04-26;276.9816;TRUE;TRUE;FALSE;272.80206;256.44185;250.765325
2019-04-29;277.4159;TRUE;FALSE;FALSE;273.339675;256.44185;250.765325
2019-04-30;277.5574;TRUE;FALSE;TRUE;273.726245;256.44185;253.343705
2019-05-01;275.4713;TRUE;FALSE;FALSE;274.001895;256.44185;253.343705
2019-05-02;274.8765;TRUE;FALSE;FALSE;274.226565;256.44185;253.343705
2019-05-03;277.5669;TRUE;TRUE;FALSE;274.549885;258.150875;253.343705
2019-05-06;276.4247;TRUE;FALSE;FALSE;274.750485;258.150875;253.343705
2019-05-07;271.8085;TRUE;FALSE;FALSE;274.709895;258.150875;253.343705
2019-05-08;271.4308;TRUE;FALSE;FALSE;274.720275;258.150875;253.343705
2019-05-09;270.6096;TRUE;FALSE;FALSE;274.64334;258.150875;253.343705
2019-05-10;271.969;TRUE;TRUE;FALSE;274.63815;260.438;253.343705
2019-05-13;265.1344;TRUE;FALSE;FALSE;274.199185;260.438;253.343705
2019-05-14;267.5321;TRUE;FALSE;FALSE;273.889075;260.438;253.343705
2019-05-15;269.0992;TRUE;FALSE;FALSE;273.64835;260.438;253.343705
2019-05-16;271.5914;TRUE;FALSE;FALSE;273.56575;260.438;253.343705
2019-05-17;269.8355;TRUE;TRUE;FALSE;273.368455;262.28715;253.343705
2019-05-20;268.0514;TRUE;FALSE;FALSE;273.07015;262.28715;253.343705
2019-05-21;270.468;TRUE;FALSE;FALSE;272.769485;262.28715;253.343705
2019-05-22;269.6372;TRUE;FALSE;FALSE;272.45796;262.28715;253.343705
2019-05-23;266.3427;TRUE;FALSE;FALSE;271.990205;262.28715;253.343705
2019-05-24;266.9468;TRUE;TRUE;FALSE;271.488465;263.773815;253.343705
2019-05-28;264.4641;TRUE;FALSE;FALSE;270.840875;263.773815;253.343705
2019-05-29;262.6894;TRUE;FALSE;FALSE;270.097475;263.773815;253.343705
2019-05-30;263.4068;TRUE;FALSE;FALSE;269.49425;263.773815;253.343705
2019-05-31;259.8573;TRUE;TRUE;TRUE;268.74329;264.596315;254.8094
2019-06-03;259.1965;TRUE;FALSE;FALSE;267.82477;264.596315;254.8094
2019-06-04;264.8228;TRUE;FALSE;FALSE;267.244675;264.596315;254.8094
2019-06-05;267.1168;TRUE;FALSE;FALSE;267.01009;264.596315;254.8094
2019-06-06;268.8538;TRUE;FALSE;FALSE;266.88124;264.596315;254.8094
2019-06-07;271.5441;TRUE;TRUE;FALSE;266.927965;265.651645;254.8094
2019-06-10;272.7903;TRUE;FALSE;FALSE;266.96903;265.651645;254.8094
2019-06-11;272.7242;TRUE;FALSE;FALSE;267.34852;265.651645;254.8094
2019-06-12;272.2427;TRUE;FALSE;FALSE;267.58405;265.651645;254.8094
2019-06-13;273.3661;TRUE;FALSE;FALSE;267.797395;265.651645;254.8094
2019-06-14;273.064;TRUE;TRUE;FALSE;267.871025;266.814925;254.8094
2019-06-17;273.1678;TRUE;FALSE;FALSE;268.03764;266.814925;254.8094
2019-06-18;276.0282;TRUE;FALSE;FALSE;268.43648;266.814925;254.8094
2019-06-19;276.6512;TRUE;FALSE;FALSE;268.74564;266.814925;254.8094
2019-06-20;279.2945;TRUE;FALSE;FALSE;269.228505;266.814925;254.8094
2019-06-21;278.8885;TRUE;TRUE;FALSE;269.855795;268.068295;254.8094
2019-06-24;278.547;TRUE;FALSE;FALSE;270.435805;268.068295;254.8094
2019-06-25;275.815;TRUE;FALSE;FALSE;271.00335;268.068295;254.8094
2019-06-26;275.5399;TRUE;FALSE;FALSE;271.645875;268.068295;254.8094
2019-06-27;276.517;TRUE;FALSE;FALSE;272.301385;268.068295;254.8094
2019-06-28;277.9399;TRUE;TRUE;TRUE;273.205515;269.254975;256.9076
2019-07-01;280.4632;TRUE;FALSE;FALSE;274.26885;269.254975;256.9076
2019-07-02;281.1935;TRUE;FALSE;FALSE;275.087385;269.254975;256.9076
2019-07-03;283.4417;TRUE;FALSE;FALSE;275.90363;269.254975;256.9076
2019-07-05;283.1193;TRUE;TRUE;FALSE;276.616905;270.37637;256.9076
2019-07-08;281.5635;TRUE;FALSE;FALSE;277.117875;270.37637;256.9076
2019-07-09;281.9145;TRUE;FALSE;FALSE;277.574085;270.37637;256.9076
2019-07-10;283.2615;TRUE;FALSE;FALSE;278.10095;270.37637;256.9076
2019-07-11;283.9255;TRUE;FALSE;FALSE;278.68509;270.37637;256.9076
2019-07-12;285.1967;TRUE;TRUE;FALSE;279.27662;271.518455;256.9076
2019-07-15;285.2915;TRUE;FALSE;FALSE;279.887995;271.518455;256.9076
2019-07-16;284.3714;TRUE;FALSE;FALSE;280.448175;271.518455;256.9076
2019-07-17;282.4362;TRUE;FALSE;FALSE;280.768575;271.518455;256.9076
2019-07-18;283.4702;TRUE;FALSE;FALSE;281.109525;271.518455;256.9076
2019-07-19;281.8956;TRUE;TRUE;FALSE;281.23958;272.43533;256.9076
2019-07-22;282.588;TRUE;FALSE;FALSE;281.424555;272.43533;256.9076
2019-07-23;284.6086;TRUE;FALSE;FALSE;281.727635;272.43533;256.9076
2019-07-24;285.946;TRUE;FALSE;FALSE;282.234185;272.43533;256.9076
2019-07-25;284.5801;TRUE;FALSE;FALSE;282.686195;272.43533;256.9076
2019-07-26;286.4868;TRUE;TRUE;FALSE;283.184685;273.86185;256.9076
2019-07-29;285.965;TRUE;FALSE;FALSE;283.58594;273.86185;256.9076
2019-07-30;285.2631;TRUE;FALSE;FALSE;283.825935;273.86185;256.9076
2019-07-31;282.1422;TRUE;FALSE;TRUE;283.87337;273.86185;258.855275
2019-08-01;279.6853;TRUE;FALSE;FALSE;283.68555;273.86185;258.855275
2019-08-02;277.5794;TRUE;TRUE;FALSE;283.408555;274.462865;258.855275
2019-08-05;269.2318;TRUE;FALSE;FALSE;282.79197;274.462865;258.855275
2019-08-06;273.0071;TRUE;FALSE;FALSE;282.3466;274.462865;258.855275
2019-08-07;273.1684;TRUE;FALSE;FALSE;281.841945;274.462865;258.855275
2019-08-08;278.528;TRUE;FALSE;FALSE;281.57207;274.462865;258.855275
2019-08-09;276.6308;TRUE;TRUE;FALSE;281.143775;275.11368;258.855275
2019-08-12;273.2633;TRUE;FALSE;FALSE;280.542365;275.11368;258.855275
2019-08-13;277.513;TRUE;FALSE;FALSE;280.199445;275.11368;258.855275
2019-08-14;269.3076;TRUE;FALSE;FALSE;279.543015;275.11368;258.855275
2019-08-15;270.019;TRUE;FALSE;FALSE;278.870455;275.11368;258.855275
2019-08-16;274.0032;TRUE;TRUE;FALSE;278.475835;275.48066;258.855275
2019-08-19;277.3043;TRUE;FALSE;FALSE;278.21165;275.48066;258.855275
2019-08-20;275.1794;TRUE;FALSE;FALSE;277.74019;275.48066;258.855275
2019-08-21;277.4182;TRUE;FALSE;FALSE;277.3138;275.48066;258.855275
2019-08-22;277.3328;TRUE;FALSE;FALSE;276.951435;275.48066;258.855275
2019-08-23;270.2088;TRUE;TRUE;FALSE;276.137535;275.370465;258.855275
2019-08-26;273.1968;TRUE;FALSE;FALSE;275.499125;275.370465;258.855275
2019-08-27;272.125;TRUE;FALSE;FALSE;274.84222;275.370465;258.855275
2019-08-28;274.0411;TRUE;FALSE;FALSE;274.437165;275.370465;258.855275
2019-08-29;277.5415;TRUE;FALSE;FALSE;274.329975;275.370465;258.855275
2019-08-30;277.4182;TRUE;TRUE;TRUE;274.321915;275.54569;260.41928
2019-09-03;275.7961;TRUE;FALSE;FALSE;274.65013;275.54569;260.41928
2019-09-04;278.9264;TRUE;FALSE;FALSE;274.946095;275.54569;260.41928
2019-09-05;282.5121;TRUE;FALSE;FALSE;275.41328;275.54569;260.41928
2019-09-06;282.7303;TRUE;TRUE;FALSE;275.623395;275.993135;260.41928
2019-09-09;282.8726;TRUE;FALSE;FALSE;275.935485;275.993135;260.41928
2019-09-10;282.8062;TRUE;FALSE;FALSE;276.41263;275.993135;260.41928
2019-09-11;284.8173;TRUE;FALSE;FALSE;276.777845;275.993135;260.41928
2019-09-12;285.8038;TRUE;FALSE;FALSE;277.602655;275.993135;260.41928
2019-09-13;285.6141;TRUE;TRUE;FALSE;278.38241;276.42476;260.41928
2019-09-16;284.7319;TRUE;FALSE;FALSE;278.918845;276.42476;260.41928
2019-09-17;285.4528;TRUE;FALSE;FALSE;279.32627;276.42476;260.41928
2019-09-18;285.6235;TRUE;FALSE;FALSE;279.848475;276.42476;260.41928
2019-09-19;285.6046;TRUE;FALSE;FALSE;280.257795;276.42476;260.41928
2019-09-20;284.2552;TRUE;TRUE;FALSE;280.603915;276.759175;260.41928
2019-09-23;284.1884;TRUE;FALSE;FALSE;281.302895;276.759175;260.41928
2019-09-24;281.9585;TRUE;FALSE;FALSE;281.74098;276.759175;260.41928
2019-09-25;283.6261;TRUE;FALSE;FALSE;282.316035;276.759175;260.41928
2019-09-26;283.0354;TRUE;FALSE;FALSE;282.76575;276.759175;260.41928
2019-09-27;281.5106;TRUE;TRUE;FALSE;282.964205;277.236255;260.41928
2019-09-30;282.8161;TRUE;FALSE;TRUE;283.2341;277.236255;261.55957
2019-10-01;279.4521;TRUE;FALSE;FALSE;283.4169;277.236255;261.55957
2019-10-02;274.5157;TRUE;FALSE;FALSE;283.196365;277.236255;261.55957
2019-10-03;276.7647;TRUE;FALSE;FALSE;282.908995;277.236255;261.55957
2019-10-04;280.5099;TRUE;TRUE;FALSE;282.797975;277.769975;261.55957
2019-10-07;279.2996;TRUE;FALSE;FALSE;282.619325;277.769975;261.55957
2019-10-08;274.9636;TRUE;FALSE;FALSE;282.227195;277.769975;261.55957
2019-10-09;277.5748;TRUE;FALSE;FALSE;281.86507;277.769975;261.55957
2019-10-10;279.4521;TRUE;FALSE;FALSE;281.547485;277.769975;261.55957
2019-10-11;282.3492;TRUE;TRUE;FALSE;281.38424;278.540095;261.55957
2019-10-14;282.0347;TRUE;FALSE;FALSE;281.24938;278.540095;261.55957
2019-10-15;284.8269;TRUE;FALSE;FALSE;281.218085;278.540095;261.55957
2019-10-16;284.3695;TRUE;FALSE;FALSE;281.155385;278.540095;261.55957
2019-10-17;285.2082;TRUE;FALSE;FALSE;281.135565;278.540095;261.55957
2019-10-18;283.9597;TRUE;TRUE;FALSE;281.12079;279.745215;261.55957
2019-10-21;285.8846;TRUE;FALSE;FALSE;281.2056;279.745215;261.55957
2019-10-22;284.9508;TRUE;FALSE;FALSE;281.355215;279.745215;261.55957
2019-10-23;285.78;TRUE;FALSE;FALSE;281.46291;279.745215;261.55957
2019-10-24;286.2469;TRUE;FALSE;FALSE;281.623485;279.745215;261.55957
2019-10-25;287.419;TRUE;TRUE;FALSE;281.918905;280.53896;261.55957
2019-10-28;289.039;TRUE;FALSE;FALSE;282.23005;280.53896;261.55957
2019-10-29;288.9533;TRUE;FALSE;FALSE;282.70511;280.53896;261.55957
2019-10-30;289.8396;TRUE;FALSE;FALSE;283.471305;280.53896;261.55957
2019-10-31;289.0676;TRUE;FALSE;TRUE;284.08645;280.53896;263.485145
2019-11-01;291.7455;TRUE;TRUE;FALSE;284.64823;281.473035;263.485145
2019-11-04;292.9177;TRUE;FALSE;FALSE;285.329135;281.473035;263.485145
2019-11-05;292.5938;TRUE;FALSE;FALSE;286.210645;281.473035;263.485145
2019-11-06;292.6605;TRUE;FALSE;FALSE;286.96493;281.473035;263.485145
2019-11-07;293.6897;TRUE;FALSE;FALSE;287.67681;281.473035;263.485145
2019-11-08;294.4139;TRUE;TRUE;FALSE;288.280045;282.249305;263.485145
2019-11-11;293.8517;TRUE;FALSE;FALSE;288.870895;282.249305;263.485145
2019-11-12;294.4711;TRUE;FALSE;FALSE;289.353105;282.249305;263.485145
2019-11-13;294.5664;TRUE;FALSE;FALSE;289.86295;282.249305;263.485145
2019-11-14;294.9952;TRUE;FALSE;FALSE;290.3523;282.249305;263.485145
2019-11-15;297.1299;TRUE;TRUE;FALSE;291.01081;283.208805;263.485145
2019-11-18;297.3491;TRUE;FALSE;FALSE;291.584035;283.208805;263.485145
2019-11-19;297.2633;TRUE;FALSE;FALSE;292.19966;283.208805;263.485145
2019-11-20;296.1579;TRUE;FALSE;FALSE;292.718555;283.208805;263.485145
2019-11-21;295.6814;TRUE;FALSE;FALSE;293.19028;283.208805;263.485145
2019-11-22;296.339;TRUE;TRUE;FALSE;293.63628;283.86979;263.485145
2019-11-25;298.6356;TRUE;FALSE;FALSE;294.11611;283.86979;263.485145
2019-11-26;299.3122;TRUE;FALSE;FALSE;294.634055;283.86979;263.485145
2019-11-27;300.6464;TRUE;FALSE;FALSE;295.174395;283.86979;263.485145
2019-11-29;299.5314;TRUE;TRUE;TRUE;295.697585;284.586525;266.2773
2019-12-02;296.9869;TRUE;FALSE;FALSE;295.959655;284.586525;266.2773
2019-12-03;294.9952;TRUE;FALSE;FALSE;296.06353;284.586525;266.2773
2019-12-04;296.8154;TRUE;FALSE;FALSE;296.27461;284.586525;266.2773
2019-12-05;297.3491;TRUE;FALSE;FALSE;296.50904;284.586525;266.2773
2019-12-06;300.0651;TRUE;TRUE;FALSE;296.82781;285.495;266.2773
2019-12-09;299.1216;TRUE;FALSE;FALSE;297.063195;285.495;266.2773
2019-12-10;298.7881;TRUE;FALSE;FALSE;297.310015;285.495;266.2773
2019-12-11;299.6363;TRUE;FALSE;FALSE;297.568275;285.495;266.2773
2019-12-12;302.2188;TRUE;FALSE;FALSE;297.950895;285.495;266.2773
2019-12-13;302.3999;TRUE;TRUE;FALSE;298.32113;286.290655;266.2773
2019-12-16;304.4774;TRUE;FALSE;FALSE;298.688505;286.290655;266.2773
2019-12-17;304.5442;TRUE;FALSE;FALSE;299.04826;286.290655;266.2773
2019-12-18;304.5632;TRUE;FALSE;FALSE;299.413255;286.290655;266.2773
2019-12-19;305.8116;TRUE;FALSE;FALSE;299.89594;286.290655;266.2773
2019-12-20;307.1523;TRUE;TRUE;FALSE;300.469485;287.7693;266.2773
2019-12-23;307.6215;TRUE;FALSE;FALSE;301.03361;287.7693;266.2773
2019-12-24;307.6311;TRUE;FALSE;FALSE;301.483385;287.7693;266.2773
2019-12-26;309.2687;TRUE;FALSE;FALSE;301.98121;287.7693;266.2773
2019-12-27;309.1921;TRUE;TRUE;FALSE;302.408495;289.397365;266.2773
2019-12-30;307.4874;TRUE;FALSE;FALSE;302.806295;289.397365;266.2773
2019-12-31;308.2344;TRUE;FALSE;TRUE;303.36867;289.397365;269.441635
2020-01-02;311.117;TRUE;FALSE;FALSE;304.17476;289.397365;269.441635
2020-01-03;308.7612;TRUE;TRUE;FALSE;304.77205;291.135265;269.441635
2020-01-06;309.9391;TRUE;FALSE;FALSE;305.40155;291.135265;269.441635
2020-01-07;309.0677;TRUE;FALSE;FALSE;305.85168;291.135265;269.441635
2020-01-08;310.7148;TRUE;FALSE;FALSE;306.43134;291.135265;269.441635
2020-01-09;312.8217;TRUE;FALSE;FALSE;307.13302;291.135265;269.441635
2020-01-10;311.9215;TRUE;TRUE;FALSE;307.74728;293.2209;269.441635
2020-01-13;314.0667;TRUE;FALSE;FALSE;308.339675;293.2209;269.441635
2020-01-14;313.5878;TRUE;FALSE;FALSE;308.89907;293.2209;269.441635
2020-01-15;314.2964;TRUE;FALSE;FALSE;309.39002;293.2209;269.441635
2020-01-16;316.9109;TRUE;FALSE;FALSE;310.008355;293.2209;269.441635
2020-01-17;317.8973;TRUE;TRUE;FALSE;310.67506;295.244855;269.441635
2020-01-21;317.2748;TRUE;FALSE;FALSE;311.24822;295.244855;269.441635
2020-01-22;317.3131;TRUE;FALSE;FALSE;311.75626;295.244855;269.441635
2020-01-23;317.677;TRUE;FALSE;FALSE;312.259035;295.244855;269.441635
2020-01-24;314.8519;TRUE;TRUE;FALSE;312.620075;296.850935;269.441635
2020-01-27;309.805;TRUE;FALSE;FALSE;312.64689;296.850935;269.441635
2020-01-28;313.0516;TRUE;FALSE;FALSE;312.839865;296.850935;269.441635
2020-01-29;312.793;TRUE;FALSE;FALSE;313.105145;296.850935;269.441635
2020-01-30;313.8081;TRUE;FALSE;FALSE;313.38383;296.850935;269.441635
2020-01-31;308.11;TRUE;TRUE;TRUE;313.23348;297.97573;272.302025
2020-02-03;310.3987;TRUE;FALSE;FALSE;313.315355;297.97573;272.302025
2020-02-04;315.1296;TRUE;FALSE;FALSE;313.57488;297.97573;272.302025
2020-02-05;318.7688;TRUE;FALSE;FALSE;314.059935;297.97573;272.302025
2020-02-06;319.8414;TRUE;FALSE;FALSE;314.516265;297.97573;272.302025
2020-02-07;318.1368;TRUE;TRUE;FALSE;314.78202;299.66981;272.302025
2020-02-10;320.5118;TRUE;FALSE;FALSE;315.211535;299.66981;272.302025
2020-02-11;321.0673;TRUE;FALSE;FALSE;315.561565;299.66981;272.302025
2020-02-12;323.1358;TRUE;FALSE;FALSE;316.038965;299.66981;272.302025
2020-02-13;322.791;TRUE;FALSE;FALSE;316.463695;299.66981;272.302025
2020-02-14;323.3081;TRUE;TRUE;FALSE;316.783555;301.759685;272.302025
2020-02-18;322.475;TRUE;FALSE;FALSE;317.01244;301.759685;272.302025
2020-02-19;324.0168;TRUE;FALSE;FALSE;317.34954;301.759685;272.302025
2020-02-20;322.6856;TRUE;FALSE;FALSE;317.618165;301.759685;272.302025
2020-02-21;319.3625;TRUE;TRUE;FALSE;317.70244;303.702315;272.302025
2020-02-24;308.7708;TRUE;FALSE;FALSE;317.398385;303.702315;272.302025
2020-02-25;299.4144;TRUE;FALSE;FALSE;316.878855;303.702315;272.302025
2020-02-26;298.313;TRUE;FALSE;FALSE;316.141925;303.702315;272.302025
2020-02-27;284.9153;TRUE;FALSE;FALSE;314.74804;303.702315;272.302025
2020-02-28;283.7182;TRUE;TRUE;TRUE;313.243545;303.770765;273.87068
2020-03-02;296.005;TRUE;FALSE;FALSE;312.638295;303.770765;273.87068
2020-03-03;287.5297;TRUE;FALSE;FALSE;311.494845;303.770765;273.87068
2020-03-04;299.6154;TRUE;FALSE;FALSE;310.719135;303.770765;273.87068
2020-03-05;289.6558;TRUE;FALSE;FALSE;309.263485;303.770765;273.87068
2020-03-06;284.8674;TRUE;TRUE;FALSE;307.514785;303.81615;273.87068
2020-03-09;262.6208;TRUE;FALSE;FALSE;304.738985;303.81615;273.87068
2020-03-10;276.2101;TRUE;FALSE;FALSE;302.5239;303.81615;273.87068
2020-03-11;262.7454;TRUE;FALSE;FALSE;299.607805;303.81615;273.87068
2020-03-12;237.6066;TRUE;FALSE;FALSE;295.331345;303.81615;273.87068
2020-03-13;257.9186;TRUE;TRUE;FALSE;292.087725;302.34113;273.87068
2020-03-16;229.6963;TRUE;FALSE;FALSE;287.407135;302.34113;273.87068
2020-03-17;242.098;TRUE;FALSE;FALSE;283.388285;302.34113;273.87068
2020-03-18;229.8399;TRUE;FALSE;FALSE;278.67944;302.34113;273.87068
2020-03-19;230.3283;TRUE;FALSE;FALSE;274.061575;302.34113;273.87068
2020-03-20;220.4025;TRUE;TRUE;FALSE;269.113575;298.77398;273.87068
2020-03-23;214.7672;TRUE;FALSE;FALSE;264.413395;298.77398;273.87068
2020-03-24;234.2258;TRUE;FALSE;FALSE;261.153965;298.77398;273.87068
2020-03-25;237.7322;TRUE;FALSE;FALSE;258.124925;298.77398;273.87068
2020-03-26;251.6133;TRUE;FALSE;FALSE;256.459825;298.77398;273.87068
2020-03-27;244.1189;TRUE;TRUE;FALSE;254.47986;296.25923;273.87068
2020-03-30;252.0468;TRUE;FALSE;FALSE;252.28195;296.25923;273.87068
2020-03-31;248.2899;TRUE;FALSE;TRUE;250.31996;296.25923;273.200495
2020-04-01;237.1157;TRUE;FALSE;FALSE;247.194975;296.25923;273.200495
2020-04-02;242.5872;TRUE;FALSE;FALSE;244.841545;296.25923;273.200495
2020-04-03;239.0809;TRUE;TRUE;FALSE;242.55222;293.35678;273.200495
2020-04-06;255.139;TRUE;FALSE;FALSE;242.17813;293.35678;273.200495
2020-04-07;255.3991;TRUE;FALSE;FALSE;241.13758;293.35678;273.200495
2020-04-08;263.9725;TRUE;FALSE;FALSE;241.198935;293.35678;273.200495
2020-04-09;267.9894;TRUE;TRUE;FALSE;242.718075;291.9393;273.200495
2020-04-13;265.5426;TRUE;FALSE;FALSE;243.099275;291.9393;273.200495
2020-04-14;273.3743;TRUE;FALSE;FALSE;245.283175;291.9393;273.200495
2020-04-15;267.5656;TRUE;FALSE;FALSE;246.556555;291.9393;273.200495
2020-04-16;268.8564;TRUE;FALSE;FALSE;248.50738;291.9393;273.200495
2020-04-17;276.1197;TRUE;TRUE;FALSE;250.79695;290.768715;273.200495
2020-04-20;271.255;TRUE;FALSE;FALSE;253.339575;290.768715;273.200495
2020-04-21;263.0188;TRUE;FALSE;FALSE;255.752155;290.768715;273.200495
2020-04-22;268.8564;TRUE;FALSE;FALSE;257.483685;290.768715;273.200495
2020-04-23;268.8371;TRUE;FALSE;FALSE;259.03893;290.768715;273.200495
2020-04-24;272.5844;TRUE;TRUE;FALSE;260.087485;289.39468;273.200495
2020-04-27;276.5146;TRUE;FALSE;FALSE;261.70727;289.39468;273.200495
2020-04-28;275.243;TRUE;FALSE;FALSE;262.86708;289.39468;273.200495
2020-04-29;282.4485;TRUE;FALSE;FALSE;264.57501;289.39468;273.200495
2020-04-30;279.8187;TRUE;FALSE;TRUE;266.71016;289.39468;273.68909
2020-05-01;272.4109;TRUE;TRUE;FALSE;268.201345;287.89523;273.68909
2020-05-04;273.1623;TRUE;FALSE;FALSE;269.905415;287.89523;273.68909
2020-05-05;275.6861;TRUE;FALSE;FALSE;270.93277;287.89523;273.68909
2020-05-06;273.8174;TRUE;FALSE;FALSE;271.853685;287.89523;273.68909
2020-05-07;277.1215;TRUE;FALSE;FALSE;272.511135;287.89523;273.68909
2020-05-08;281.7067;TRUE;TRUE;FALSE;273.197;286.62295;273.68909
2020-05-11;281.7645;TRUE;FALSE;FALSE;274.008095;286.62295;273.68909
2020-05-12;276.1485;TRUE;FALSE;FALSE;274.146805;286.62295;273.68909
2020-05-13;271.2646;TRUE;FALSE;FALSE;274.331755;286.62295;273.68909
2020-05-14;274.5109;TRUE;FALSE;FALSE;274.61448;286.62295;273.68909
2020-05-15;275.7728;TRUE;TRUE;FALSE;274.597135;284.951985;273.68909
2020-05-18;284.1728;TRUE;FALSE;FALSE;275.243025;284.951985;273.68909
2020-05-19;281.254;TRUE;FALSE;FALSE;276.154785;284.951985;273.68909
2020-05-20;286.032;TRUE;FALSE;FALSE;277.013565;284.951985;273.68909
2020-05-21;284.0572;TRUE;FALSE;FALSE;277.77457;284.951985;273.68909
2020-05-22;284.5966;TRUE;TRUE;FALSE;278.37518;283.743755;273.68909
2020-05-26;288.103;TRUE;FALSE;FALSE;278.9546;283.743755;273.68909
2020-05-27;292.3897;TRUE;FALSE;FALSE;279.811935;283.743755;273.68909
2020-05-28;291.8503;TRUE;FALSE;FALSE;280.282025;283.743755;273.68909
2020-05-29;293.1507;TRUE;TRUE;TRUE;280.948625;282.805215;274.764005
2020-06-01;294.3356;TRUE;FALSE;FALSE;282.04486;282.805215;274.764005
2020-06-02;296.7727;TRUE;FALSE;FALSE;283.22538;282.805215;274.764005
2020-06-03;300.7223;TRUE;FALSE;FALSE;284.47719;282.805215;274.764005
2020-06-04;299.9323;TRUE;FALSE;FALSE;285.782935;282.805215;274.764005
2020-06-05;307.6195;TRUE;TRUE;FALSE;287.307835;282.291325;274.764005
2020-06-08;311.3378;TRUE;FALSE;FALSE;288.78939;282.291325;274.764005
2020-06-09;309.0162;TRUE;FALSE;FALSE;290.151975;282.291325;274.764005
2020-06-10;307.2919;TRUE;FALSE;FALSE;291.709145;282.291325;274.764005
2020-06-11;289.5768;TRUE;FALSE;FALSE;292.624755;282.291325;274.764005
2020-06-12;293.0447;TRUE;TRUE;FALSE;293.551445;281.200965;274.764005
2020-06-15;295.7806;TRUE;FALSE;FALSE;294.551835;281.200965;274.764005
2020-06-16;301.4735;TRUE;FALSE;FALSE;295.41687;281.200965;274.764005
2020-06-17;300.2213;TRUE;FALSE;FALSE;296.365235;281.200965;274.764005
2020-06-18;300.3369;TRUE;FALSE;FALSE;297.08048;281.200965;274.764005
2020-06-19;298.6205;TRUE;TRUE;FALSE;297.808645;280.72649;274.764005
2020-06-22;300.5362;TRUE;FALSE;FALSE;298.605625;280.72649;274.764005
2020-06-23;301.9198;TRUE;FALSE;FALSE;299.296465;280.72649;274.764005
2020-06-24;294.2182;TRUE;FALSE;FALSE;299.38789;280.72649;274.764005
2020-06-25;297.3724;TRUE;FALSE;FALSE;299.663995;280.72649;274.764005
2020-06-26;290.3094;TRUE;TRUE;FALSE;299.52193;279.33512;274.764005
2020-06-29;294.5763;TRUE;FALSE;FALSE;299.533965;279.33512;274.764005
2020-06-30;298.3496;TRUE;FALSE;TRUE;299.61281;279.33512;277.03748
2020-07-01;300.4395;TRUE;FALSE;FALSE;299.59867;279.33512;277.03748
2020-07-02;302.094;TRUE;TRUE;FALSE;299.706755;278.274415;277.03748
2020-07-06;306.7575;TRUE;FALSE;FALSE;299.663655;278.274415;277.03748
2020-07-07;303.5937;TRUE;FALSE;FALSE;299.27645;278.274415;277.03748
2020-07-08;305.9157;TRUE;FALSE;FALSE;299.121425;278.274415;277.03748
2020-07-09;304.1742;TRUE;FALSE;FALSE;298.96554;278.274415;277.03748
2020-07-10;307.28;TRUE;TRUE;FALSE;299.8507;277.67029;277.03748
2020-07-13;304.6193;TRUE;FALSE;FALSE;300.42943;277.67029;277.03748
2020-07-14;308.5668;TRUE;FALSE;FALSE;301.06874;277.67029;277.03748
2020-07-15;311.4017;TRUE;FALSE;FALSE;301.56515;277.67029;277.03748
2020-07-16;310.3761;TRUE;FALSE;FALSE;302.07289;277.67029;277.03748
2020-07-17;311.2759;TRUE;TRUE;FALSE;302.61984;279.048175;277.03748
2020-07-20;313.7915;TRUE;FALSE;FALSE;303.37839;279.048175;277.03748
2020-07-21;314.4591;TRUE;FALSE;FALSE;304.074535;279.048175;277.03748
2020-07-22;316.249;TRUE;FALSE;FALSE;304.790995;279.048175;277.03748
2020-07-23;312.4756;TRUE;FALSE;FALSE;305.703865;279.048175;277.03748
2020-07-24;310.4632;TRUE;TRUE;FALSE;306.358405;280.327965;277.03748
2020-07-27;312.7272;TRUE;FALSE;FALSE;307.479295;280.327965;277.03748
2020-07-28;310.7438;TRUE;FALSE;FALSE;308.28767;280.327965;277.03748
2020-07-29;314.5655;TRUE;FALSE;FALSE;309.098465;280.327965;277.03748
2020-07-30;313.4432;TRUE;FALSE;FALSE;309.74865;280.327965;277.03748
2020-07-31;315.92;TRUE;TRUE;TRUE;310.43995;283.228035;279.954945
2020-08-03;318.1164;TRUE;FALSE;FALSE;311.007895;283.228035;279.954945
2020-08-04;319.3451;TRUE;FALSE;FALSE;311.795465;283.228035;279.954945
2020-08-05;321.3286;TRUE;FALSE;FALSE;312.56611;283.228035;279.954945
2020-08-06;323.4765;TRUE;FALSE;FALSE;313.531225;283.228035;279.954945
2020-08-07;323.7087;TRUE;TRUE;FALSE;314.35266;288.393345;279.954945
2020-08-10;324.6763;TRUE;FALSE;FALSE;315.35551;288.393345;279.954945
2020-08-11;321.9962;TRUE;FALSE;FALSE;316.02698;288.393345;279.954945
2020-08-12;326.4856;TRUE;FALSE;FALSE;316.781175;288.393345;279.954945
2020-08-13;325.8953;TRUE;FALSE;FALSE;317.557135;288.393345;279.954945
2020-08-14;325.905;TRUE;TRUE;FALSE;318.28859;292.48265;279.954945
2020-08-17;326.9403;TRUE;FALSE;FALSE;318.94603;292.48265;279.954945
2020-08-18;327.6466;TRUE;FALSE;FALSE;319.605405;292.48265;279.954945
2020-08-19;326.2824;TRUE;FALSE;FALSE;320.107075;292.48265;279.954945
2020-08-20;327.2983;TRUE;FALSE;FALSE;320.84821;292.48265;279.954945
2020-08-21;328.4593;TRUE;TRUE;FALSE;321.748015;296.95157;279.954945
2020-08-24;331.7877;TRUE;FALSE;FALSE;322.70104;296.95157;279.954945
2020-08-25;332.9487;TRUE;FALSE;FALSE;323.811285;296.95157;279.954945
2020-08-26;336.2867;TRUE;FALSE;FALSE;324.897345;296.95157;279.954945
2020-08-27;337.022;TRUE;FALSE;FALSE;326.076285;296.95157;279.954945
2020-08-28;339.199;TRUE;TRUE;FALSE;327.240235;300.51205;279.954945
2020-08-31;337.9702;TRUE;FALSE;TRUE;328.232925;300.51205;285.10885
2020-09-01;341.1534;TRUE;FALSE;FALSE;329.32334;300.51205;285.10885
2020-09-02;346.0879;TRUE;FALSE;FALSE;330.561305;300.51205;285.10885
2020-09-03;334.1775;TRUE;FALSE;FALSE;331.096355;300.51205;285.10885
2020-09-04;331.449;TRUE;TRUE;FALSE;331.48337;303.278515;285.10885
2020-09-08;322.3929;TRUE;FALSE;FALSE;331.3692;303.278515;285.10885
2020-09-09;328.7593;TRUE;FALSE;FALSE;331.707355;303.278515;285.10885
2020-09-10;323.0508;TRUE;FALSE;FALSE;331.535615;303.278515;285.10885
2020-09-11;323.2153;TRUE;TRUE;FALSE;331.401615;305.81006;285.10885
2020-09-14;327.4724;TRUE;FALSE;FALSE;331.479985;305.81006;285.10885
2020-09-15;329.127;TRUE;FALSE;FALSE;331.58932;305.81006;285.10885
2020-09-16;327.8208;TRUE;FALSE;FALSE;331.59803;305.81006;285.10885
2020-09-17;324.9375;TRUE;FALSE;FALSE;331.530785;305.81006;285.10885
2020-09-18;321.1966;TRUE;TRUE;FALSE;331.2257;308.249345;285.10885
2020-09-21;317.6218;TRUE;FALSE;FALSE;330.683825;308.249345;285.10885
2020-09-22;320.8566;TRUE;FALSE;FALSE;330.13727;308.249345;285.10885
2020-09-23;313.4157;TRUE;FALSE;FALSE;329.16062;308.249345;285.10885
2020-09-24;314.251;TRUE;FALSE;FALSE;328.058835;308.249345;285.10885
2020-09-25;319.3315;TRUE;TRUE;FALSE;327.17431;310.130585;285.10885
2020-09-28;324.6354;TRUE;FALSE;FALSE;326.44613;310.130585;285.10885
2020-09-29;322.8674;TRUE;FALSE;FALSE;325.69099;310.130585;285.10885
2020-09-30;325.3154;TRUE;FALSE;TRUE;324.89909;310.130585;288.689675
2020-10-01;327.4039;TRUE;FALSE;FALSE;323.96489;310.130585;288.689675
2020-10-02;324.2954;TRUE;TRUE;FALSE;323.470785;312.556715;288.689675
2020-10-05;330.0462;TRUE;FALSE;FALSE;323.400645;312.556715;288.689675
2020-10-06;325.3542;TRUE;FALSE;FALSE;323.54871;312.556715;288.689675
2020-10-07;331.0175;TRUE;FALSE;FALSE;323.66162;312.556715;288.689675
2020-10-08;333.9512;TRUE;FALSE;FALSE;324.20664;312.556715;288.689675
2020-10-09;336.9335;TRUE;TRUE;FALSE;324.89255;315.17356;288.689675
2020-10-12;342.3539;TRUE;FALSE;FALSE;325.636625;315.17356;288.689675
2020-10-13;340.1197;TRUE;FALSE;FALSE;326.18626;315.17356;288.689675
2020-10-14;337.9826;TRUE;FALSE;FALSE;326.69435;315.17356;288.689675
2020-10-15;337.5648;TRUE;FALSE;FALSE;327.325715;315.17356;288.689675
2020-10-16;337.3609;TRUE;TRUE;FALSE;328.13393;317.38407;288.689675
2020-10-19;332.2318;TRUE;FALSE;FALSE;328.86443;317.38407;288.689675
2020-10-20;333.5626;TRUE;FALSE;FALSE;329.49973;317.38407;288.689675
2020-10-21;332.9313;TRUE;FALSE;FALSE;330.47551;317.38407;288.689675
2020-10-22;334.7575;TRUE;FALSE;FALSE;331.500835;317.38407;288.689675
2020-10-23;335.8941;TRUE;TRUE;FALSE;332.328965;318.7978;288.689675
2020-10-26;329.6868;TRUE;FALSE;FALSE;332.581535;318.7978;288.689675
2020-10-27;328.5501;TRUE;FALSE;FALSE;332.86567;318.7978;288.689675
2020-10-28;317.3207;TRUE;FALSE;FALSE;332.465935;318.7978;288.689675
2020-10-29;320.5458;TRUE;FALSE;FALSE;332.12303;318.7978;288.689675
2020-10-30;317.2041;TRUE;TRUE;TRUE;331.768465;320.00577;291.453745
2020-11-02;320.7595;TRUE;FALSE;FALSE;331.30413;320.00577;291.453745
2020-11-03;326.4228;TRUE;FALSE;FALSE;331.35756;320.00577;291.453745
2020-11-04;333.718;TRUE;FALSE;FALSE;331.492585;320.00577;291.453745
2020-11-05;340.2265;TRUE;FALSE;FALSE;331.80635;320.00577;291.453745
2020-11-06;340.1488;TRUE;TRUE;FALSE;331.967115;322.082185;291.453745
2020-11-09;344.4231;TRUE;FALSE;FALSE;332.070575;322.082185;291.453745
2020-11-10;343.9179;TRUE;FALSE;FALSE;332.260485;322.082185;291.453745
2020-11-11;346.4727;TRUE;FALSE;FALSE;332.68499;322.082185;291.453745
2020-11-12;343.1116;TRUE;FALSE;FALSE;332.96233;322.082185;291.453745
2020-11-13;347.8618;TRUE;TRUE;FALSE;333.487375;324.959805;291.453745
2020-11-16;352.204;TRUE;FALSE;FALSE;334.485985;324.959805;291.453745
2020-11-17;350.3098;TRUE;FALSE;FALSE;335.323345;324.959805;291.453745
2020-11-18;346.0938;TRUE;FALSE;FALSE;335.98147;324.959805;291.453745
2020-11-19;347.551;TRUE;FALSE;FALSE;336.621145;324.959805;291.453745
2020-11-20;345.171;TRUE;TRUE;FALSE;337.08499;327.113655;291.453745
2020-11-23;347.2401;TRUE;FALSE;FALSE;337.962655;327.113655;291.453745
2020-11-24;352.8354;TRUE;FALSE;FALSE;339.17692;327.113655;291.453745
2020-11-25;352.2914;TRUE;FALSE;FALSE;340.925455;327.113655;291.453745
2020-11-27;353.2726;TRUE;TRUE;FALSE;342.561795;329.413285;291.453745
2020-11-30;351.7086;TRUE;FALSE;TRUE;344.28702;329.413285;295.705995
2020-12-01;355.5554;TRUE;FALSE;FALSE;346.026815;329.413285;295.705995
2020-12-02;356.3033;TRUE;FALSE;FALSE;347.52084;329.413285;295.705995
2020-12-03;356.2062;TRUE;FALSE;FALSE;348.64525;329.413285;295.705995
2020-12-04;359.2759;TRUE;TRUE;FALSE;349.59772;331.813285;295.705995
2020-12-07;358.5376;TRUE;FALSE;FALSE;350.51716;331.813285;295.705995
2020-12-08;359.5867;TRUE;FALSE;FALSE;351.27534;331.813285;295.705995
2020-12-09;356.3617;TRUE;FALSE;FALSE;351.89753;331.813285;295.705995
2020-12-10;356.2451;TRUE;FALSE;FALSE;352.38615;331.813285;295.705995
2020-12-11;355.8273;TRUE;TRUE;FALSE;353.021935;334.08149;295.705995
2020-12-14;354.2343;TRUE;FALSE;FALSE;353.34056;334.08149;295.705995
2020-12-15;359.0233;TRUE;FALSE;FALSE;353.681525;334.08149;295.705995
2020-12-16;359.5867;TRUE;FALSE;FALSE;354.14537;334.08149;295.705995
2020-12-17;361.5975;TRUE;FALSE;FALSE;354.920555;334.08149;295.705995
2020-12-18;360.1537;TRUE;TRUE;FALSE;355.55069;336.293175;295.705995
2020-12-21;358.866;TRUE;FALSE;FALSE;356.23544;336.293175;295.705995
2020-12-22;358.2611;TRUE;FALSE;FALSE;356.78649;336.293175;295.705995
2020-12-23;358.5831;TRUE;FALSE;FALSE;357.073875;336.293175;295.705995
2020-12-24;359.9781;TRUE;TRUE;FALSE;357.45821;338.106645;295.705995
2020-12-28;363.0706;TRUE;FALSE;FALSE;357.94811;338.106645;295.705995
2020-12-29;362.378;TRUE;FALSE;FALSE;358.48158;338.106645;295.705995
2020-12-30;362.895;TRUE;FALSE;FALSE;358.84856;338.106645;295.705995
2020-12-31;364.7388;TRUE;TRUE;TRUE;359.270335;340.048335;300.065065
2021-01-04;359.7733;TRUE;FALSE;FALSE;359.44869;340.048335;300.065065
2021-01-05;362.2512;TRUE;FALSE;FALSE;359.597455;340.048335;300.065065
2021-01-06;364.4169;TRUE;FALSE;FALSE;359.89142;340.048335;300.065065
2021-01-07;369.8312;TRUE;FALSE;FALSE;360.403645;340.048335;300.065065
2021-01-08;371.9384;TRUE;TRUE;FALSE;361.18248;342.22229;300.065065
2021-01-11;369.4312;TRUE;FALSE;FALSE;361.841785;342.22229;300.065065
2021-01-12;369.5092;TRUE;FALSE;FALSE;362.52588;342.22229;300.065065
2021-01-13;370.5043;TRUE;FALSE;FALSE;363.33938;342.22229;300.065065
2021-01-14;369.2068;TRUE;FALSE;FALSE;363.848555;342.22229;300.065065
2021-01-15;366.5143;TRUE;TRUE;FALSE;364.194935;343.588055;300.065065
2021-01-19;369.3922;TRUE;FALSE;FALSE;364.58467;343.588055;300.065065
2021-01-20;374.5041;TRUE;FALSE;FALSE;365.30219;343.588055;300.065065
2021-01-21;374.8455;TRUE;FALSE;FALSE;366.101165;343.588055;300.065065
2021-01-22;373.5188;TRUE;TRUE;FALSE;366.86405;345.691545;300.065065
2021-01-25;374.9919;TRUE;FALSE;FALSE;367.68449;345.691545;300.065065
2021-01-26;374.4065;TRUE;FALSE;FALSE;368.40591;345.691545;300.065065
2021-01-27;365.2559;TRUE;FALSE;FALSE;368.515175;345.691545;300.065065
2021-01-28;368.3971;TRUE;FALSE;FALSE;368.81613;345.691545;300.065065
2021-01-29;361.0219;TRUE;TRUE;TRUE;368.722475;347.581875;305.123295
2021-02-01;367.0314;TRUE;FALSE;FALSE;368.837105;347.581875;305.123295
2021-02-02;372.2213;TRUE;FALSE;FALSE;369.459505;347.581875;305.123295
2021-02-03;372.5139;TRUE;FALSE;FALSE;369.97264;347.581875;305.123295
2021-02-04;376.7478;TRUE;FALSE;FALSE;370.589185;347.581875;305.123295
2021-02-05;378.2307;TRUE;TRUE;FALSE;371.00916;350.43358;305.123295
2021-02-08;380.9622;TRUE;FALSE;FALSE;371.46035;350.43358;305.123295
2021-02-09;380.7086;TRUE;FALSE;FALSE;372.02422;350.43358;305.123295
2021-02-10;380.5427;TRUE;FALSE;FALSE;372.575895;350.43358;305.123295
2021-02-11;381.1573;TRUE;FALSE;FALSE;373.108545;350.43358;305.123295
2021-02-12;383.0401;TRUE;TRUE;FALSE;373.80021;353.61901;305.123295
2021-02-16;382.7084;TRUE;FALSE;FALSE;374.609915;353.61901;305.123295
2021-02-17;382.7963;TRUE;FALSE;FALSE;375.28012;353.61901;305.123295
2021-02-18;381.1671;TRUE;FALSE;FALSE;375.61327;353.61901;305.123295
2021-02-19;380.494;TRUE;TRUE;FALSE;375.895695;356.42894;305.123295
2021-02-22;377.5673;TRUE;FALSE;FALSE;376.09812;356.42894;305.123295
2021-02-23;378.0258;TRUE;FALSE;FALSE;376.249815;356.42894;305.123295
2021-02-24;382.1914;TRUE;FALSE;FALSE;376.63906;356.42894;305.123295
2021-02-25;372.9822;TRUE;FALSE;FALSE;377.025375;356.42894;305.123295
2021-02-26;371.0604;TRUE;TRUE;TRUE;377.15854;358.135285;309.77932
2021-03-01;380.0549;TRUE;FALSE;FALSE;378.11019;358.135285;309.77932
2021-03-02;377.0893;TRUE;FALSE;FALSE;378.613085;358.135285;309.77932
2021-03-03;372.0945;TRUE;FALSE;FALSE;378.606745;358.135285;309.77932
2021-03-04;367.4899;TRUE;FALSE;FALSE;378.355545;358.135285;309.77932
2021-03-05;374.2504;TRUE;TRUE;FALSE;378.230675;359.97976;309.77932
2021-03-08;372.3871;TRUE;FALSE;FALSE;377.938495;359.97976;309.77932
2021-03-09;377.7039;TRUE;FALSE;FALSE;377.77558;359.97976;309.77932
2021-03-10;380.0549;TRUE;FALSE;FALSE;377.742895;359.97976;309.77932
2021-03-11;383.9084;TRUE;FALSE;FALSE;377.91118;359.97976;309.77932
2021-03-12;384.4254;TRUE;TRUE;FALSE;378.074585;362.406325;309.77932
2021-03-15;386.718;TRUE;FALSE;FALSE;378.25848;362.406325;309.77932
2021-03-16;386.2302;TRUE;FALSE;FALSE;378.43457;362.406325;309.77932
2021-03-17;387.5472;TRUE;FALSE;FALSE;378.672115;362.406325;309.77932
2021-03-18;381.9085;TRUE;FALSE;FALSE;378.709185;362.406325;309.77932
2021-03-19;381.2018;TRUE;TRUE;FALSE;378.744575;365.60621;309.77932
2021-03-22;384.2458;TRUE;FALSE;FALSE;379.0785;365.60621;309.77932
2021-03-23;381.2214;TRUE;FALSE;FALSE;379.23828;365.60621;309.77932
2021-03-24;379.2835;TRUE;FALSE;FALSE;379.092885;365.60621;309.77932
2021-03-25;381.4172;TRUE;FALSE;FALSE;379.514635;365.60621;309.77932
2021-03-26;387.5638;TRUE;TRUE;FALSE;380.339805;367.97696;309.77932
2021-03-29;387.3679;TRUE;FALSE;FALSE;380.705455;367.97696;309.77932
2021-03-30;386.3402;TRUE;FALSE;FALSE;381.168;367.97696;309.77932
2021-03-31;387.9063;TRUE;FALSE;TRUE;381.95859;367.97696;315.067525
2021-04-01;392.0953;TRUE;TRUE;FALSE;383.18886;370.188635;315.067525
2021-04-05;397.7231;TRUE;FALSE;FALSE;384.362495;370.188635;315.067525
2021-04-06;397.4882;TRUE;FALSE;FALSE;385.61755;370.188635;315.067525
2021-04-07;397.9482;TRUE;FALSE;FALSE;386.629765;370.188635;315.067525
2021-04-08;399.8372;TRUE;FALSE;FALSE;387.61888;370.188635;315.067525
2021-04-09;402.7441;TRUE;TRUE;FALSE;388.560665;373.06729;315.067525
2021-04-12;402.8909;TRUE;FALSE;FALSE;389.48394;373.06729;315.067525
2021-04-13;404.0849;TRUE;FALSE;FALSE;390.352285;373.06729;315.067525
2021-04-14;402.7049;TRUE;FALSE;FALSE;391.17602;373.06729;315.067525
2021-04-15;407.0309;TRUE;FALSE;FALSE;392.150205;373.06729;315.067525
2021-04-16;408.3914;TRUE;TRUE;FALSE;393.47435;375.82323;315.067525
2021-04-19;406.3849;TRUE;FALSE;FALSE;394.733505;375.82323;315.067525
2021-04-20;403.4096;TRUE;FALSE;FALSE;395.691695;375.82323;315.067525
2021-04-21;407.2267;TRUE;FALSE;FALSE;396.99196;375.82323;315.067525
2021-04-22;403.5074;TRUE;FALSE;FALSE;398.203155;375.82323;315.067525
2021-04-23;407.8825;TRUE;TRUE;FALSE;399.52642;378.25356;315.067525
2021-04-26;408.7339;TRUE;FALSE;FALSE;400.584925;378.25356;315.067525
2021-04-27;408.6459;TRUE;FALSE;FALSE;401.648825;378.25356;315.067525
2021-04-28;408.5284;TRUE;FALSE;FALSE;402.758235;378.25356;315.067525
2021-04-29;411.1319;TRUE;FALSE;FALSE;403.919515;378.25356;315.067525
2021-04-30;408.4305;TRUE;TRUE;TRUE;404.736275;380.88372;321.61814
2021-05-03;409.3114;TRUE;FALSE;FALSE;405.31569;380.88372;321.61814
2021-05-04;406.7863;TRUE;FALSE;FALSE;405.780595;380.88372;321.61814
2021-05-05;406.9135;TRUE;FALSE;FALSE;406.22886;380.88372;321.61814
2021-05-06;410.1629;TRUE;FALSE;FALSE;406.745145;380.88372;321.61814
2021-05-07;413.1481;TRUE;TRUE;FALSE;407.265345;383.53344;321.61814
2021-05-10;409.0569;TRUE;FALSE;FALSE;407.573645;383.53344;321.61814
2021-05-11;405.4062;TRUE;FALSE;FALSE;407.63971;383.53344;321.61814
2021-05-12;396.7933;TRUE;FALSE;FALSE;407.34413;383.53344;321.61814
2021-05-13;401.5598;TRUE;FALSE;FALSE;407.070575;383.53344;321.61814
2021-05-14;407.7259;TRUE;TRUE;FALSE;407.0373;385.92083;321.61814
2021-05-17;406.6884;TRUE;FALSE;FALSE;407.052475;385.92083;321.61814
2021-05-18;403.1845;TRUE;FALSE;FALSE;407.04122;385.92083;321.61814
2021-05-19;402.1274;TRUE;FALSE;FALSE;406.786255;385.92083;321.61814
2021-05-20;406.4535;TRUE;FALSE;FALSE;406.93356;385.92083;321.61814
2021-05-21;406.1207;TRUE;TRUE;FALSE;406.84547;387.989925;321.61814
2021-05-24;410.2608;TRUE;FALSE;FALSE;406.921815;387.989925;321.61814
2021-05-25;409.3506;TRUE;FALSE;FALSE;406.95705;387.989925;321.61814
2021-05-26;410.1629;TRUE;FALSE;FALSE;407.038775;387.989925;321.61814
2021-05-27;410.3783;TRUE;FALSE;FALSE;407.001095;387.989925;321.61814
2021-05-28;411.1123;TRUE;TRUE;TRUE;407.135185;389.94862;328.03295
2021-06-01;410.7502;TRUE;FALSE;FALSE;407.207125;389.94862;328.03295
2021-06-02;411.3961;TRUE;FALSE;FALSE;407.437615;389.94862;328.03295
2021-06-03;409.8693;TRUE;FALSE;FALSE;407.585405;389.94862;328.03295
2021-06-04;413.6179;TRUE;TRUE;FALSE;407.758155;392.3038;328.03295
2021-06-07;413.2166;TRUE;FALSE;FALSE;407.76158;392.3038;328.03295
2021-06-08;413.3047;TRUE;FALSE;FALSE;407.97397;392.3038;328.03295
2021-06-09;412.6881;TRUE;FALSE;FALSE;408.338065;392.3038;328.03295
2021-06-10;414.6064;TRUE;FALSE;FALSE;409.22872;392.3038;328.03295
2021-06-11;415.2916;TRUE;TRUE;FALSE;409.91531;394.39244;328.03295
2021-06-14;416.2214;TRUE;FALSE;FALSE;410.340085;394.39244;328.03295
2021-06-15;415.4579;TRUE;FALSE;FALSE;410.77856;394.39244;328.03295
2021-06-16;413.1383;TRUE;FALSE;FALSE;411.27625;394.39244;328.03295
2021-06-17;413.0013;TRUE;FALSE;FALSE;411.819945;394.39244;328.03295
2021-06-18;407.4297;TRUE;TRUE;FALSE;411.868755;396.71283;328.03295
2021-06-21;413.2625;TRUE;FALSE;FALSE;412.225845;396.71283;328.03295
2021-06-22;415.4719;TRUE;FALSE;FALSE;412.4864;396.71283;328.03295
2021-06-23;414.9711;TRUE;FALSE;FALSE;412.767425;396.71283;328.03295
2021-06-24;417.426;TRUE;FALSE;FALSE;413.13058;396.71283;328.03295
2021-06-25;418.9087;TRUE;TRUE;FALSE;413.5571;398.74673;328.03295
2021-06-28;419.7532;TRUE;FALSE;FALSE;413.989145;398.74673;328.03295
2021-06-29;419.9791;TRUE;FALSE;FALSE;414.45059;398.74673;328.03295
2021-06-30;420.3325;TRUE;FALSE;TRUE;414.89741;398.74673;334.596195
2021-07-01;422.6597;TRUE;FALSE;FALSE;415.53693;398.74673;334.596195
2021-07-02;425.8904;TRUE;TRUE;FALSE;416.150555;400.889245;334.596195
2021-07-06;425.1146;TRUE;FALSE;FALSE;416.745455;400.889245;334.596195
2021-07-07;426.617;TRUE;FALSE;FALSE;417.41107;400.889245;334.596195
2021-07-08;423.1409;TRUE;FALSE;FALSE;417.93371;400.889245;334.596195
2021-07-09;427.6578;TRUE;TRUE;FALSE;418.58628;403.247435;334.596195
2021-07-12;429.1897;TRUE;FALSE;FALSE;419.281185;403.247435;334.596195
2021-07-13;427.7266;TRUE;FALSE;FALSE;419.856445;403.247435;334.596195
2021-07-14;428.3649;TRUE;FALSE;FALSE;420.501795;403.247435;334.596195
2021-07-15;426.9018;TRUE;FALSE;FALSE;421.18997;403.247435;334.596195
2021-07-16;423.5533;TRUE;TRUE;FALSE;421.71757;405.87208;334.596195
2021-07-19;417.2983;TRUE;FALSE;FALSE;422.211;405.87208;334.596195
2021-07-20;423.2784;TRUE;FALSE;FALSE;422.711795;405.87208;334.596195
2021-07-21;426.7054;TRUE;FALSE;FALSE;423.27347;405.87208;334.596195
2021-07-22;427.5989;TRUE;FALSE;FALSE;423.90486;405.87208;334.596195
2021-07-23;431.998;TRUE;TRUE;FALSE;424.63346;408.75946;334.596195
2021-07-26;433.0585;TRUE;FALSE;FALSE;425.34095;408.75946;334.596195
2021-07-27;431.0849;TRUE;FALSE;FALSE;425.907535;408.75946;334.596195
2021-07-28;430.9081;TRUE;FALSE;FALSE;426.453985;408.75946;334.596195
2021-07-29;432.6953;TRUE;FALSE;FALSE;427.072125;408.75946;334.596195
2021-07-30;430.5939;TRUE;TRUE;TRUE;427.468835;411.067885;341.14932
2021-08-02;429.6905;TRUE;FALSE;FALSE;427.65884;411.067885;341.14932
2021-08-03;433.1862;TRUE;FALSE;FALSE;428.06242;411.067885;341.14932
2021-08-04;431.0554;TRUE;FALSE;FALSE;428.28434;411.067885;341.14932
2021-08-05;433.7852;TRUE;FALSE;FALSE;428.816555;411.067885;341.14932
2021-08-06;434.502;TRUE;TRUE;FALSE;429.158765;413.732895;341.14932
2021-08-09;434.1485;TRUE;FALSE;FALSE;429.406705;413.732895;341.14932
2021-08-10;434.6886;TRUE;FALSE;FALSE;429.754805;413.732895;341.14932
2021-08-11;435.7687;TRUE;FALSE;FALSE;430.124995;413.732895;341.14932
2021-08-12;437.0747;TRUE;FALSE;FALSE;430.63364;413.732895;341.14932
2021-08-13;437.8701;TRUE;TRUE;FALSE;431.34948;416.24821;341.14932
2021-08-16;438.9012;TRUE;FALSE;FALSE;432.429625;416.24821;341.14932
2021-08-17;436.0241;TRUE;FALSE;FALSE;433.06691;416.24821;341.14932
2021-08-18;431.2518;TRUE;FALSE;FALSE;433.29423;416.24821;341.14932
2021-08-19;431.9195;TRUE;FALSE;FALSE;433.51026;416.24821;341.14932
2021-08-20;435.3563;TRUE;TRUE;FALSE;433.678175;418.41126;341.14932
2021-08-23;439.1859;TRUE;FALSE;FALSE;433.984545;418.41126;341.14932
2021-08-24;439.8831;TRUE;FALSE;FALSE;434.424455;418.41126;341.14932
2021-08-25;440.8062;TRUE;FALSE;FALSE;434.91936;418.41126;341.14932
2021-08-26;438.204;TRUE;FALSE;FALSE;435.194795;418.41126;341.14932
2021-08-27;442.1219;TRUE;TRUE;FALSE;435.771195;420.38015;341.14932
2021-08-30;444.0662;TRUE;FALSE;FALSE;436.48998;420.38015;341.14932
2021-08-31;443.4083;TRUE;FALSE;TRUE;437.001085;420.38015;347.908015
2021-09-01;443.644;TRUE;FALSE;FALSE;437.630515;420.38015;347.908015
2021-09-02;445.0089;TRUE;FALSE;FALSE;438.1917;420.38015;347.908015
2021-09-03;444.9008;TRUE;TRUE;FALSE;438.71164;422.20562;347.908015
2021-09-07;443.3101;TRUE;FALSE;FALSE;439.16972;422.20562;347.908015
2021-09-08;442.77;TRUE;FALSE;FALSE;439.57379;422.20562;347.908015
2021-09-09;440.8749;TRUE;FALSE;FALSE;439.8291;422.20562;347.908015
2021-09-10;437.3988;TRUE;TRUE;FALSE;439.845305;423.681435;347.908015
2021-09-13;438.5182;TRUE;FALSE;FALSE;439.87771;423.681435;347.908015
2021-09-14;436.1517;TRUE;FALSE;FALSE;439.740235;423.681435;347.908015
2021-09-15;439.7948;TRUE;FALSE;FALSE;439.92877;423.681435;347.908015
2021-09-16;439.0976;TRUE;FALSE;FALSE;440.32106;423.681435;347.908015
2021-09-17;434.8203;TRUE;TRUE;FALSE;440.4661;425.000925;347.908015
2021-09-20;427.57;TRUE;FALSE;FALSE;440.076785;425.000925;347.908015
2021-09-21;427.1661;TRUE;FALSE;FALSE;439.475795;425.000925;347.908015
2021-09-22;431.3331;TRUE;FALSE;FALSE;439.048295;425.000925;347.908015
2021-09-23;436.5738;TRUE;FALSE;FALSE;438.836675;425.000925;347.908015
2021-09-24;437.2929;TRUE;TRUE;FALSE;438.79112;426.208165;347.908015
2021-09-27;436.0418;TRUE;FALSE;FALSE;438.487115;426.208165;347.908015
2021-09-28;427.2548;TRUE;FALSE;FALSE;437.646545;426.208165;347.908015
2021-09-29;427.9739;TRUE;FALSE;FALSE;436.874825;426.208165;347.908015
2021-09-30;422.743;TRUE;FALSE;TRUE;435.829775;426.208165;353.639665
2021-10-01;427.767;TRUE;TRUE;FALSE;434.96768;427.21022;353.639665
2021-10-04;422.2505;TRUE;FALSE;FALSE;433.835165;427.21022;353.639665
2021-10-05;426.644;TRUE;FALSE;FALSE;433.00186;427.21022;353.639665
2021-10-06;428.4172;TRUE;FALSE;FALSE;432.28422;427.21022;353.639665
2021-10-07;432.1211;TRUE;FALSE;FALSE;431.84653;427.21022;353.639665
2021-10-08;431.3331;TRUE;TRUE;FALSE;431.543245;428.47084;353.639665
2021-10-11;428.2103;TRUE;FALSE;FALSE;431.02785;428.47084;353.639665
2021-10-12;427.1563;TRUE;FALSE;FALSE;430.57808;428.47084;353.639665
2021-10-13;428.693;TRUE;FALSE;FALSE;430.02299;428.47084;353.639665
2021-10-14;435.9039;TRUE;FALSE;FALSE;429.863305;428.47084;353.639665
2021-10-15;439.2237;TRUE;TRUE;FALSE;430.083475;429.87641;353.639665
2021-10-18;440.524;TRUE;FALSE;FALSE;430.731175;429.87641;353.639665
2021-10-19;443.9226;TRUE;FALSE;FALSE;431.569;429.87641;353.639665
2021-10-20;445.6661;TRUE;FALSE;FALSE;432.28565;429.87641;353.639665
2021-10-21;446.8286;TRUE;FALSE;FALSE;432.79839;429.87641;353.639665
2021-10-22;446.3656;TRUE;TRUE;FALSE;433.252025;431.513795;353.639665
2021-10-25;448.7593;TRUE;FALSE;FALSE;433.8879;431.513795;353.639665
2021-10-26;449.1632;TRUE;FALSE;FALSE;434.98332;431.513795;353.639665
2021-10-27;447.1733;TRUE;FALSE;FALSE;435.94329;431.513795;353.639665
2021-10-28;451.4881;TRUE;FALSE;FALSE;437.380545;431.513795;353.639665
2021-10-29;452.4042;TRUE;TRUE;TRUE;438.612405;433.369425;362.073965
2021-11-01;453.1824;TRUE;FALSE;FALSE;440.159;433.369425;362.073965
2021-11-02;455.0146;TRUE;FALSE;FALSE;441.57753;433.369425;362.073965
2021-11-03;457.7926;TRUE;FALSE;FALSE;443.0463;433.369425;362.073965
2021-11-04;459.95;TRUE;FALSE;FALSE;444.437745;433.369425;362.073965
2021-11-05;461.5459;TRUE;TRUE;FALSE;445.948385;436.075235;362.073965
2021-11-08;461.9399;TRUE;FALSE;FALSE;447.634865;436.075235;362.073965
2021-11-09;460.413;TRUE;FALSE;FALSE;449.2977;436.075235;362.073965
2021-11-10;456.7091;TRUE;FALSE;FALSE;450.698505;436.075235;362.073965
2021-11-11;456.8568;TRUE;FALSE;FALSE;451.74615;436.075235;362.073965
2021-11-12;460.3047;TRUE;TRUE;FALSE;452.8002;438.145035;362.073965
2021-11-15;460.4622;TRUE;FALSE;FALSE;453.79711;438.145035;362.073965
2021-11-16;462.2847;TRUE;FALSE;FALSE;454.715215;438.145035;362.073965
2021-11-17;461.1617;TRUE;FALSE;FALSE;455.489995;438.145035;362.073965
2021-11-18;462.728;TRUE;FALSE;FALSE;456.284965;438.145035;362.073965
2021-11-19;461.9005;TRUE;TRUE;FALSE;457.06171;439.94554;362.073965
2021-11-22;460.6002;TRUE;FALSE;FALSE;457.653755;439.94554;362.073965
2021-11-23;461.2109;TRUE;FALSE;FALSE;458.25614;439.94554;362.073965
2021-11-24;462.4423;TRUE;FALSE;FALSE;459.01959;439.94554;362.073965
2021-11-26;452.1284;TRUE;TRUE;FALSE;459.051605;441.16907;362.073965
2021-11-29;457.6745;TRUE;FALSE;FALSE;459.31512;441.16907;362.073965
2021-11-30;448.7692;TRUE;FALSE;TRUE;459.09446;441.16907;372.09793
2021-12-01;443.7846;TRUE;FALSE;FALSE;458.53296;441.16907;372.09793
2021-12-02;450.5818;TRUE;FALSE;FALSE;458.17242;441.16907;372.09793
2021-12-03;446.6611;TRUE;TRUE;FALSE;457.507975;442.32446;372.09793
2021-12-06;451.9511;TRUE;FALSE;FALSE;457.028235;442.32446;372.09793
2021-12-07;461.2996;TRUE;FALSE;FALSE;456.99622;442.32446;372.09793
2021-12-08;462.5211;TRUE;FALSE;FALSE;457.101625;442.32446;372.09793
2021-12-09;459.3984;TRUE;FALSE;FALSE;457.23609;442.32446;372.09793
2021-12-10;463.7229;TRUE;TRUE;FALSE;457.579395;443.910705;372.09793
2021-12-13;459.6151;TRUE;FALSE;FALSE;457.544915;443.910705;372.09793
2021-12-14;456.4529;TRUE;FALSE;FALSE;457.34445;443.910705;372.09793
2021-12-15;463.585;TRUE;FALSE;FALSE;457.409465;443.910705;372.09793
2021-12-16;459.4969;TRUE;FALSE;FALSE;457.326225;443.910705;372.09793
2021-12-17;454.6065;TRUE;TRUE;FALSE;456.92015;445.111335;372.09793
2021-12-20;449.7725;TRUE;FALSE;FALSE;456.31375;445.111335;372.09793
2021-12-21;457.76;TRUE;FALSE;FALSE;456.17174;445.111335;372.09793
2021-12-22;462.337;TRUE;FALSE;FALSE;456.228045;445.111335;372.09793
2021-12-23;465.2137;TRUE;TRUE;FALSE;456.366615;446.64692;372.09793
2021-12-27;471.7975;TRUE;FALSE;FALSE;457.35007;446.64692;372.09793
2021-12-28;471.4119;TRUE;FALSE;FALSE;458.03694;446.64692;372.09793
2021-12-29;472.015;TRUE;FALSE;FALSE;459.19923;446.64692;372.09793
2021-12-30;470.7101;TRUE;FALSE;FALSE;460.545505;446.64692;372.09793
2021-12-31;469.5238;TRUE;TRUE;TRUE;461.492605;448.229605;381.583185
2022-01-03;472.2423;TRUE;FALSE;FALSE;462.771665;448.229605;381.583185
2022-01-04;472.0841;TRUE;FALSE;FALSE;463.778315;448.229605;381.583185
2022-01-05;463.0191;TRUE;FALSE;FALSE;463.86429;448.229605;381.583185
2022-01-06;462.5841;TRUE;FALSE;FALSE;463.86744;448.229605;381.583185
2022-01-07;460.7553;TRUE;TRUE;FALSE;463.935285;449.499555;381.583185
2022-01-10;460.1819;TRUE;FALSE;FALSE;463.758235;449.499555;381.583185
2022-01-11;464.3734;TRUE;FALSE;FALSE;463.99615;449.499555;381.583185
2022-01-12;465.6289;TRUE;FALSE;FALSE;464.45495;449.499555;381.583185
2022-01-13;459.2132;TRUE;FALSE;FALSE;464.23636;449.499555;381.583185
2022-01-14;459.401;TRUE;TRUE;FALSE;464.231565;450.36351;381.583185
2022-01-18;451.2652;TRUE;FALSE;FALSE;464.0645;450.36351;381.583185
2022-01-19;446.5794;TRUE;FALSE;FALSE;463.904845;450.36351;381.583185
2022-01-20;441.6367;TRUE;FALSE;FALSE;463.09868;450.36351;381.583185
2022-01-21;432.9671;TRUE;TRUE;FALSE;461.630185;449.766825;381.583185
2022-01-24;434.8058;TRUE;FALSE;FALSE;460.10979;449.766825;381.583185
2022-01-25;429.4972;TRUE;FALSE;FALSE;457.994775;449.766825;381.583185
2022-01-26;428.4197;TRUE;FALSE;FALSE;455.845165;449.766825;381.583185
2022-01-27;426.3042;TRUE;FALSE;FALSE;453.559625;449.766825;381.583185
2022-01-28;436.8916;TRUE;TRUE;FALSE;451.8687;449.741465;381.583185
2022-01-31;444.7605;TRUE;FALSE;TRUE;450.630535;449.741465;389.163675
2022-02-01;447.7657;TRUE;FALSE;FALSE;449.406705;449.741465;389.163675
2022-02-02;452.1154;TRUE;FALSE;FALSE;448.40827;449.741465;389.163675
2022-02-03;441.4884;TRUE;FALSE;FALSE;447.331735;449.741465;389.163675
2022-02-04;443.5644;TRUE;TRUE;FALSE;446.38075;450.17867;389.163675
2022-02-07;442.1409;TRUE;FALSE;FALSE;445.45003;450.17867;389.163675
2022-02-08;445.7787;TRUE;FALSE;FALSE;444.72987;450.17867;389.163675
2022-02-09;452.3032;TRUE;FALSE;FALSE;444.12636;450.17867;389.163675
2022-02-10;444.1772;TRUE;FALSE;FALSE;443.053775;450.17867;389.163675
2022-02-11;435.4186;TRUE;TRUE;FALSE;441.864045;450.084955;389.163675
2022-02-14;433.9951;TRUE;FALSE;FALSE;440.59375;450.084955;389.163675
2022-02-15;440.9941;TRUE;FALSE;FALSE;440.080195;450.084955;389.163675
2022-02-16;441.4884;TRUE;FALSE;FALSE;439.825645;450.084955;389.163675
2022-02-17;432.0576;TRUE;FALSE;FALSE;439.34669;450.084955;389.163675
2022-02-18;429.26;TRUE;TRUE;FALSE;439.161335;450.159605;389.163675
2022-02-22;424.6533;TRUE;FALSE;FALSE;438.65371;450.159605;389.163675
2022-02-23;417.1205;TRUE;FALSE;FALSE;438.034875;450.159605;389.163675
2022-02-24;423.3978;TRUE;FALSE;FALSE;437.78378;450.159605;389.163675
2022-02-25;432.7397;TRUE;TRUE;FALSE;438.105555;450.229935;389.163675
2022-02-28;431.6325;TRUE;FALSE;TRUE;437.8426;450.229935;395.82782
2022-03-01;425.0586;TRUE;FALSE;FALSE;436.857505;450.229935;395.82782
2022-03-02;432.8781;TRUE;FALSE;FALSE;436.113125;450.229935;395.82782
2022-03-03;430.723;TRUE;FALSE;FALSE;435.043505;450.229935;395.82782
2022-03-04;427.2236;TRUE;TRUE;FALSE;434.330265;449.62993;395.82782
2022-03-07;414.6293;TRUE;FALSE;FALSE;432.88351;449.62993;395.82782
2022-03-08;411.4858;TRUE;FALSE;FALSE;431.350755;449.62993;395.82782
2022-03-09;422.518;TRUE;FALSE;FALSE;430.18772;449.62993;395.82782
2022-03-10;420.6101;TRUE;FALSE;FALSE;428.603065;449.62993;395.82782
2022-03-11;415.2621;TRUE;TRUE;FALSE;427.15731;448.074755;395.82782
2022-03-14;412.2272;TRUE;FALSE;FALSE;425.99774;448.074755;395.82782
2022-03-15;421.2922;TRUE;FALSE;FALSE;425.362595;448.074755;395.82782
2022-03-16;430.634;TRUE;FALSE;FALSE;424.84459;448.074755;395.82782
2022-03-17;436.0217;TRUE;FALSE;FALSE;424.571255;448.074755;395.82782
2022-03-18;440.7973;TRUE;TRUE;FALSE;425.00824;447.49441;395.82782
2022-03-21;440.6684;TRUE;FALSE;FALSE;425.57866;447.49441;395.82782
2022-03-22;445.8249;TRUE;FALSE;FALSE;426.63724;447.49441;395.82782
2022-03-23;440.0834;TRUE;FALSE;FALSE;427.785385;447.49441;395.82782
2022-03-24;446.7173;TRUE;FALSE;FALSE;428.95136;447.49441;395.82782
2022-03-25;448.8989;TRUE;TRUE;FALSE;429.75932;446.86206;395.82782
2022-03-28;452.0919;TRUE;FALSE;FALSE;430.78229;446.86206;395.82782
2022-03-29;457.6847;TRUE;FALSE;FALSE;432.413595;446.86206;395.82782
2022-03-30;454.8586;TRUE;FALSE;FALSE;433.51262;446.86206;395.82782
2022-03-31;447.8578;TRUE;FALSE;TRUE;434.36936;446.86206;402.42471
2022-04-01;449.127;TRUE;TRUE;FALSE;435.46453;446.303175;402.42471
2022-04-04;452.9745;TRUE;FALSE;FALSE;437.38179;446.303175;402.42471
2022-04-05;447.2528;TRUE;FALSE;FALSE;439.17014;446.303175;402.42471
2022-04-06;442.7806;TRUE;FALSE;FALSE;440.18327;446.303175;402.42471
2022-04-07;445.0117;TRUE;FALSE;FALSE;441.40335;446.303175;402.42471
2022-04-08;443.8218;TRUE;TRUE;FALSE;442.831335;445.39924;402.42471
2022-04-11;436.2359;TRUE;FALSE;FALSE;444.03177;445.39924;402.42471
2022-04-12;434.6195;TRUE;FALSE;FALSE;444.698135;445.39924;402.42471
2022-04-13;439.5975;TRUE;FALSE;FALSE;445.14631;445.39924;402.42471
2022-04-14;434.1237;TRUE;TRUE;FALSE;445.05141;444.499005;402.42471
2022-04-18;434.3022;TRUE;FALSE;FALSE;444.726655;444.499005;402.42471
2022-04-19;441.313;TRUE;FALSE;FALSE;444.758885;444.499005;402.42471
2022-04-20;440.9857;TRUE;FALSE;FALSE;444.516925;444.499005;402.42471
2022-04-21;434.3914;TRUE;FALSE;FALSE;444.232325;444.499005;402.42471
2022-04-22;422.4721;TRUE;TRUE;FALSE;443.020065;443.289555;402.42471
2022-04-25;424.9214;TRUE;FALSE;FALSE;441.82119;443.289555;402.42471
2022-04-26;412.6154;TRUE;FALSE;FALSE;439.847365;443.289555;402.42471
2022-04-27;413.7755;TRUE;FALSE;FALSE;437.651905;443.289555;402.42471
2022-04-28;424.2273;TRUE;FALSE;FALSE;436.12034;443.289555;402.42471
2022-04-29;408.5497;TRUE;TRUE;TRUE;434.154935;440.530895;405.953685
2022-05-02;411.0089;TRUE;FALSE;FALSE;432.24903;440.530895;405.953685
2022-05-03;412.893;TRUE;FALSE;FALSE;430.244955;440.530895;405.953685
2022-05-04;425.4668;TRUE;FALSE;FALSE;429.155655;440.530895;405.953685
2022-05-05;410.3445;TRUE;FALSE;FALSE;427.53385;440.530895;405.953685
2022-05-06;407.8952;TRUE;TRUE;FALSE;425.678025;438.19533;405.953685
2022-05-09;394.8355;TRUE;FALSE;FALSE;423.22871;438.19533;405.953685
2022-05-10;395.7478;TRUE;FALSE;FALSE;421.204305;438.19533;405.953685
2022-05-11;389.4609;TRUE;FALSE;FALSE;418.946375;438.19533;405.953685
2022-05-12;389.0543;TRUE;FALSE;FALSE;416.419215;438.19533;405.953685
2022-05-13;398.3558;TRUE;TRUE;FALSE;414.63082;434.852435;405.953685
2022-05-16;396.7394;TRUE;FALSE;FALSE;412.75268;434.852435;405.953685
2022-05-17;404.9005;TRUE;FALSE;FALSE;410.932055;434.852435;405.953685
2022-05-18;388.5783;TRUE;FALSE;FALSE;408.311685;434.852435;405.953685
2022-05-19;386.1984;TRUE;FALSE;FALSE;405.902035;434.852435;405.953685
2022-05-20;386.367;TRUE;TRUE;FALSE;404.09678;430.694595;405.953685
2022-05-23;393.596;TRUE;FALSE;FALSE;402.53051;430.694595;405.953685
2022-05-24;390.5913;TRUE;FALSE;FALSE;401.429305;430.694595;405.953685
2022-05-25;394.0422;TRUE;FALSE;FALSE;400.44264;430.694595;405.953685
2022-05-26;401.9157;TRUE;FALSE;FALSE;399.32706;430.694595;405.953685
2022-05-27;411.7824;TRUE;TRUE;FALSE;399.488695;428.24595;405.953685
2022-05-31;409.4719;TRUE;FALSE;TRUE;399.411845;428.24595;410.16151
2022-06-01;406.1599;TRUE;FALSE;FALSE;399.07519;428.24595;410.16151
2022-06-02;413.8946;TRUE;FALSE;FALSE;398.49658;428.24595;410.16151
2022-06-03;407.1019;TRUE;TRUE;FALSE;398.33445;425.630995;410.16151
2022-06-06;408.3415;TRUE;FALSE;FALSE;398.356765;425.630995;410.16151
2022-06-07;412.2584;TRUE;FALSE;FALSE;399.22791;425.630995;410.16151
2022-06-08;407.7762;TRUE;FALSE;FALSE;399.82933;425.630995;410.16151
2022-06-09;398.0781;TRUE;FALSE;FALSE;400.26019;425.630995;410.16151
2022-06-10;386.5356;TRUE;TRUE;FALSE;400.134255;423.30942;410.16151
2022-06-13;371.8595;TRUE;FALSE;FALSE;398.80944;423.30942;410.16151
2022-06-14;370.739;TRUE;FALSE;FALSE;397.50942;423.30942;410.16151
2022-06-15;376.0244;TRUE;FALSE;FALSE;396.065615;423.30942;410.16151
2022-06-16;363.5795;TRUE;FALSE;FALSE;394.815675;423.30942;410.16151
2022-06-17;364.3633;TRUE;TRUE;FALSE;393.72392;419.683005;410.16151
2022-06-21;373.5356;TRUE;FALSE;FALSE;393.08235;419.683005;410.16151
2022-06-22;372.8584;TRUE;FALSE;FALSE;392.04547;419.683005;410.16151
2022-06-23;376.5133;TRUE;FALSE;FALSE;391.34157;419.683005;410.16151
2022-06-24;388.4842;TRUE;TRUE;FALSE;391.06367;416.928995;410.16151
2022-06-27;387.0003;TRUE;FALSE;FALSE;390.3179;416.928995;410.16151
2022-06-28;379.0927;TRUE;FALSE;FALSE;388.683415;416.928995;410.16151
2022-06-29;378.784;TRUE;FALSE;FALSE;387.14902;416.928995;410.16151
2022-06-30;375.7067;TRUE;FALSE;TRUE;385.62636;416.928995;413.08664
2022-07-01;379.6803;TRUE;TRUE;FALSE;383.915645;414.14208;413.08664
2022-07-05;380.3974;TRUE;FALSE;FALSE;382.58042;414.14208;413.08664
2022-07-06;381.6821;TRUE;FALSE;FALSE;381.24745;414.14208;413.08664
2022-07-07;387.3986;TRUE;FALSE;FALSE;380.00446;414.14208;413.08664
2022-07-08;387.08;TRUE;TRUE;FALSE;378.96965;412.03308;413.08664
2022-07-11;382.6581;TRUE;FALSE;FALSE;378.19865;412.03308;413.08664
2022-07-12;379.272;TRUE;FALSE;FALSE;377.83547;412.03308;413.08664
2022-07-13;377.2802;TRUE;FALSE;FALSE;378.106505;412.03308;413.08664
2022-07-14;376.364;TRUE;FALSE;FALSE;378.387755;412.03308;413.08664
2022-07-15;383.5544;TRUE;TRUE;FALSE;378.764255;409.573815;413.08664
2022-07-18;380.3875;TRUE;FALSE;FALSE;379.604655;409.573815;413.08664
2022-07-19;390.6652;TRUE;FALSE;FALSE;380.91975;409.573815;413.08664
2022-07-20;393.155;TRUE;FALSE;FALSE;381.90072;409.573815;413.08664
2022-07-21;397.1585;TRUE;FALSE;FALSE;383.115725;409.573815;413.08664
2022-07-22;393.4737;TRUE;TRUE;FALSE;383.963745;407.88632;413.08664
2022-07-25;393.9517;TRUE;FALSE;FALSE;384.23712;407.88632;413.08664
2022-07-26;389.2909;TRUE;FALSE;FALSE;384.35165;407.88632;413.08664
2022-07-27;399.3994;TRUE;FALSE;FALSE;385.366985;407.88632;413.08664
2022-07-28;404.4088;TRUE;FALSE;FALSE;386.648225;407.88632;413.08664
2022-07-29;410.3045;TRUE;TRUE;TRUE;388.378115;407.63844;416.016435
2022-08-01;409.0895;TRUE;FALSE;FALSE;389.848575;407.63844;416.016435
2022-08-02;406.3906;TRUE;FALSE;FALSE;391.148235;407.63844;416.016435
2022-08-03;412.7545;TRUE;FALSE;FALSE;392.701855;407.63844;416.016435
2022-08-04;412.4756;TRUE;FALSE;FALSE;393.955705;407.63844;416.016435
2022-08-05;411.7785;TRUE;TRUE;FALSE;395.19063;406.1875;416.016435
2022-08-08;411.3004;TRUE;FALSE;FALSE;396.622745;406.1875;416.016435
2022-08-09;409.6672;TRUE;FALSE;FALSE;398.142505;406.1875;416.016435
2022-08-10;418.2718;TRUE;FALSE;FALSE;400.192085;406.1875;416.016435
2022-08-11;418.2718;TRUE;FALSE;FALSE;402.287475;406.1875;416.016435
2022-08-12;425.3527;TRUE;TRUE;FALSE;404.37739;405.01019;416.016435
2022-08-15;427.1055;TRUE;FALSE;FALSE;406.71329;405.01019;416.016435
2022-08-16;427.9421;TRUE;FALSE;FALSE;408.577135;405.01019;416.016435
2022-08-17;424.9046;TRUE;FALSE;FALSE;410.164615;405.01019;416.016435
2022-08-18;426.1395;TRUE;FALSE;FALSE;411.613665;405.01019;416.016435
2022-08-19;420.413;TRUE;TRUE;FALSE;412.96063;403.57449;416.016435
2022-08-22;411.659;TRUE;FALSE;FALSE;413.845995;403.57449;416.016435
2022-08-23;410.6631;TRUE;FALSE;FALSE;414.914605;403.57449;416.016435
2022-08-24;411.9777;TRUE;FALSE;FALSE;415.54352;403.57449;416.016435
2022-08-25;417.7938;TRUE;FALSE;FALSE;416.21277;403.57449;416.016435
2022-08-26;403.6519;TRUE;TRUE;FALSE;415.88014;401.565995;416.016435
2022-08-29;400.9828;TRUE;FALSE;FALSE;415.474805;401.565995;416.016435
2022-08-30;396.5809;TRUE;FALSE;FALSE;414.98432;401.565995;416.016435
2022-08-31;393.5633;TRUE;FALSE;TRUE;414.02476;401.565995;417.45766
2022-09-01;394.7982;TRUE;FALSE;FALSE;413.14089;401.565995;417.45766
2022-09-02;390.6353;TRUE;TRUE;FALSE;412.08373;399.391575;417.45766
2022-09-06;389.1614;TRUE;FALSE;FALSE;410.97678;399.391575;417.45766
2022-09-07;396.1527;TRUE;FALSE;FALSE;410.301055;399.391575;417.45766
2022-09-08;398.742;TRUE;FALSE;FALSE;409.324565;399.391575;417.45766
2022-09-09;404.9366;TRUE;TRUE;FALSE;408.657805;398.5148;417.45766
2022-09-12;409.2887;TRUE;FALSE;FALSE;407.854605;398.5148;417.45766
2022-09-13;391.4918;TRUE;FALSE;FALSE;406.07392;398.5148;417.45766
2022-09-14;392.9857;TRUE;FALSE;FALSE;404.3261;398.5148;417.45766
2022-09-15;388.524;TRUE;FALSE;FALSE;402.50707;398.5148;417.45766
2022-09-16;385.56;TRUE;TRUE;FALSE;400.478095;397.365315;417.45766
2022-09-19;388.55;TRUE;FALSE;FALSE;398.884945;397.365315;417.45766
2022-09-20;384.09;TRUE;FALSE;FALSE;397.506495;397.365315;417.45766
2022-09-21;377.39;TRUE;FALSE;FALSE;395.84284;397.365315;417.45766
2022-09-22;374.22;TRUE;FALSE;FALSE;393.954955;397.365315;417.45766
2022-09-23;367.95;TRUE;TRUE;FALSE;391.462765;395.368055;417.45766
2022-09-26;364.31;TRUE;FALSE;FALSE;389.49567;395.368055;417.45766
2022-09-27;363.38;TRUE;FALSE;FALSE;387.61553;395.368055;417.45766
2022-09-28;370.53;TRUE;FALSE;FALSE;386.312985;395.368055;417.45766
2022-09-29;362.79;TRUE;FALSE;FALSE;384.77432;395.368055;417.45766
2022-09-30;357.18;TRUE;TRUE;TRUE;382.89341;393.309265;417.265565
2022-10-03;366.61;TRUE;FALSE;FALSE;381.692145;393.309265;417.265565
2022-10-04;377.97;TRUE;FALSE;FALSE;381.132575;393.309265;417.265565
2022-10-05;377.09;TRUE;FALSE;FALSE;380.17944;393.309265;417.265565
2022-10-06;373.2;TRUE;FALSE;FALSE;378.90234;393.309265;417.265565
2022-10-07;362.79;TRUE;TRUE;FALSE;376.79501;392.130415;417.265565
2022-10-10;360.02;TRUE;FALSE;FALSE;374.331575;392.130415;417.265565
2022-10-11;357.74;TRUE;FALSE;FALSE;372.643985;392.130415;417.265565
2022-10-12;356.56;TRUE;FALSE;FALSE;370.8227;392.130415;417.265565
2022-10-13;365.97;TRUE;FALSE;FALSE;369.695;392.130415;417.265565
2022-10-14;357.63;TRUE;TRUE;FALSE;368.2985;389.422795;417.265565
2022-10-17;367.1;TRUE;TRUE;TRUE;367.226;387.4227;417.067545
